--------- beginning of main
09-24 21:23:09.616  6960  6960 D OplusOtaTracer: seq=1 t=+0ms [Boot] attach process=com.oplus.ota:ui pkg=com.oplus.ota isFirstApp=true
09-24 21:23:09.616  6960  6960 D OplusOtaTracer: seq=2 t=+0ms [Attest] attach com.allawn.cryptography.security.attestation.AttestationUtil
09-24 21:23:09.618  6960  6960 D OplusOtaTracer: seq=3 t=+2ms [Attest] hooked createApplicationPublicKey overloads=1 on com.allawn.cryptography.security.attestation.AttestationUtil
09-24 21:23:09.618  6960  6960 D OplusOtaTracer: seq=4 t=+2ms [Attest] hooked createRandomPublicKey overloads=1 on com.allawn.cryptography.security.attestation.AttestationUtil
09-24 21:23:09.618  6960  6960 D OplusOtaTracer: seq=5 t=+2ms [Attest] hooked deleteKeyIfExists overloads=1 on com.allawn.cryptography.security.attestation.AttestationUtil
09-24 21:23:09.619  6960  6960 D OplusOtaTracer: seq=6 t=+3ms [Attest] hooked encodeToString overloads=1 on com.allawn.cryptography.security.attestation.AttestationUtil
09-24 21:23:09.619  6960  6960 D OplusOtaTracer: seq=7 t=+3ms [Attest] hooked isSupportAttestation overloads=2 on com.allawn.cryptography.security.attestation.AttestationUtil
09-24 21:23:09.620  6960  6960 D OplusOtaTracer: seq=8 t=+4ms [Attest] hooked isSupportAttestationV2 overloads=2 on com.allawn.cryptography.security.attestation.AttestationUtil
09-24 21:23:09.620  6960  6960 D OplusOtaTracer: seq=9 t=+4ms [Attest] attach com.allawn.cryptography.security.attestation.AttestationManager
09-24 21:23:09.620  6960  6960 D OplusOtaTracer: seq=10 t=+4ms [Attest] hooked clear overloads=1 on com.allawn.cryptography.security.attestation.AttestationManager
09-24 21:23:09.620  6960  6960 D OplusOtaTracer: seq=11 t=+4ms [Attest] hooked createSigningCertChain overloads=1 on com.allawn.cryptography.security.attestation.AttestationManager
09-24 21:23:09.620  6960  6960 D OplusOtaTracer: seq=12 t=+4ms [Attest] hooked generate overloads=1 on com.allawn.cryptography.security.attestation.AttestationManager
09-24 21:23:09.621  6960  6960 D OplusOtaTracer: seq=13 t=+5ms [Attest] hooked getApplicationPublicKey overloads=1 on com.allawn.cryptography.security.attestation.AttestationManager
09-24 21:23:09.621  6960  6960 D OplusOtaTracer: seq=14 t=+5ms [Attest] hooked getSigningKeyAliasCode overloads=1 on com.allawn.cryptography.security.attestation.AttestationManager
09-24 21:23:09.621  6960  6960 D OplusOtaTracer: seq=15 t=+5ms [Attest] hooked packBasicAttestation overloads=1 on com.allawn.cryptography.security.attestation.AttestationManager
09-24 21:23:09.621  6960  6960 D OplusOtaTracer: seq=16 t=+5ms [Attest] hooked packIdAttestation overloads=1 on com.allawn.cryptography.security.attestation.AttestationManager
09-24 21:23:09.622  6960  6960 D OplusOtaTracer: seq=17 t=+6ms [Attest] hooked packParametersToCryptoEng overloads=1 on com.allawn.cryptography.security.attestation.AttestationManager
09-24 21:23:09.622  6960  6960 D OplusOtaTracer: seq=18 t=+6ms [Attest] hooked packPublicKeyInfo overloads=1 on com.allawn.cryptography.security.attestation.AttestationManager
09-24 21:23:09.622  6960  6960 D OplusOtaTracer: seq=19 t=+6ms [Attest] hooked packTimeInfo overloads=1 on com.allawn.cryptography.security.attestation.AttestationManager
09-24 21:23:09.622  6960  6960 D OplusOtaTracer: seq=20 t=+6ms [Attest] hooked generateRaw overloads=1 on com.allawn.cryptography.security.attestation.AttestationManager
09-24 21:23:09.623  6960  6960 D OplusOtaTracer: seq=21 t=+7ms [Attest] hooked generateX509 overloads=1 on com.allawn.cryptography.security.attestation.AttestationManager
09-24 21:23:09.623  6960  6960 D OplusOtaTracer: seq=22 t=+7ms [Attest] cmdTypes  CE_CMD_PKI_VERIFY=25 CE_CMD_GROUP_PKI_VERIFY=30 CE_CMD_RUN_PKI_FIRST_CMD=10000 CE_CMD_RUN_PKI_HASH=10001 CE_CMD_RUN_PKI_HMAC=10002 CE_CMD_RUN_PKI_HKDF=10003 CE_CMD_RUN_PKI_AES=10004 CE_CMD_RUN_PKI_RSA=10005 CE_CMD_RUN_PKI_ECDH=10006 CE_CMD_RUN_PKI_ECIES=10007 CE_CMD_RUN_PKI_ECDSA=10008 CE_CMD_RUN_PKI_CERT_VERIFY=10009 CE_CMD_RUN_PKI_SIGN=10010 CE_CMD_RUN_PKI_ECIES_CERT_ENC=10011 CE_CMD_RUN_PKI_ECIES_CERT_DEC=10012 CE_CMD_RUN_PKI_PRESET_DATA_DEC=10013 CE_CMD_RUN_PKI_BASIC_ATTESTATION=10014 CE_CMD_RUN_PKI_COMMON_ID_ATTESTATION=10015 CE_CMD_RUN_PKI_PRIVACY_ID_ATTESTATION=10100 CE_CMD_RUN_PKI_EXPORT_CERT=10020 CE_CMD_RUN_PKI_MAX=10021
09-24 21:23:09.623  6960  6960 D OplusOtaTracer: seq=23 t=+7ms [Attest] no cmd type com.allawn.cryptography.teesdk.type.CryptoengCmdType (ClassNotFoundException)
09-24 21:23:09.623  6960  6960 D OplusOtaTracer: seq=24 t=+7ms [Parse] no class com.allawn.cryptography.teesdk.util.ResultParser
09-24 21:23:09.623  6960  6960 D OplusOtaTracer: seq=25 t=+7ms [Parse] no class com.allawn.cryptography.teesdk.result.ResultParser
09-24 21:23:09.624  6960  6960 D OplusOtaTracer: seq=26 t=+8ms [Parse] no class com.allawn.cryptography.util.ResultParser
09-24 21:23:09.624  6960  6960 D OplusOtaTracer: seq=27 t=+8ms [Parse] no class com.allawn.cryptography.ResultParser
09-24 21:23:09.624  6960  6960 D OplusOtaTracer: seq=28 t=+8ms [Parse] no class com.allawn.cryptography.teesdk.util.Util
09-24 21:23:09.624  6960  6960 D OplusOtaTracer: seq=29 t=+8ms [Parse] no class com.allawn.cryptography.util.Util
09-24 21:23:09.624  6960  6960 D OplusOtaTracer: seq=30 t=+8ms [Parse] hooked isParseSuccess overloads=1 on com.allawn.cryptography.teesdk.Util
09-24 21:23:09.625  6960  6960 D OplusOtaTracer: seq=31 t=+9ms [Parse] hooked isMethodExecuteSuccessV2 overloads=1 on com.allawn.cryptography.teesdk.Util
09-24 21:23:09.625  6960  6960 D OplusOtaTracer: seq=32 t=+9ms [Parse] attached com.allawn.cryptography.teesdk.Util via=fqcn overloads=2
09-24 21:23:09.625  6960  6960 D OplusOtaTracer: seq=33 t=+9ms [SignVerify] attach-all class=com.oplus.ota.downloader.util.b
09-24 21:23:09.625  6960  6960 D OplusOtaTracer: seq=34 t=+9ms [SignVerify] hooked a overloads=1 on com.oplus.ota.downloader.util.b
09-24 21:23:09.625  6960  6960 D OplusOtaTracer: seq=35 t=+9ms [SignVerify] hooked b overloads=1 on com.oplus.ota.downloader.util.b
09-24 21:23:09.626  6960  6960 D OplusOtaTracer: seq=36 t=+10ms [SignVerify] hooked c overloads=1 on com.oplus.ota.downloader.util.b
09-24 21:23:09.626  6960  6960 D OplusOtaTracer: seq=37 t=+10ms [SignVerify] hooked d overloads=1 on com.oplus.ota.downloader.util.b
09-24 21:23:09.626  6960  6960 D OplusOtaTracer: seq=38 t=+10ms [SignVerify] hooked e overloads=1 on com.oplus.ota.downloader.util.b
09-24 21:23:09.626  6960  6960 D OplusOtaTracer: seq=39 t=+10ms [SignVerify] hooked f overloads=1 on com.oplus.ota.downloader.util.b
09-24 21:23:09.627  6960  6960 D OplusOtaTracer: seq=40 t=+11ms [SignVerify] hooked g overloads=1 on com.oplus.ota.downloader.util.b
09-24 21:23:09.627  6960  6960 D OplusOtaTracer: seq=41 t=+11ms [SignVerify] hooked h overloads=1 on com.oplus.ota.downloader.util.b
09-24 21:23:09.627  6960  6960 D OplusOtaTracer: seq=42 t=+11ms [SignVerify] hooked i overloads=1 on com.oplus.ota.downloader.util.b
09-24 21:23:09.627  6960  6960 D OplusOtaTracer: seq=43 t=+11ms [SignVerify] hooked k overloads=1 on com.oplus.ota.downloader.util.b
09-24 21:23:09.628  6960  6960 D OplusOtaTracer: seq=44 t=+12ms [SignVerify] hooked l overloads=1 on com.oplus.ota.downloader.util.b
09-24 21:23:09.628  6960  6960 D OplusOtaTracer: seq=45 t=+12ms [SignVerify] hooked m overloads=1 on com.oplus.ota.downloader.util.b
09-24 21:23:09.628  6960  6960 D OplusOtaTracer: seq=46 t=+12ms [Hunter] rule registered name=SignVerifyUtils
09-24 21:23:09.628  6960  6960 D OplusOtaTracer: seq=47 t=+12ms [Hunter] rule registered name=GetInfoThread
09-24 21:23:09.628  6960  6960 D OplusOtaTracer: seq=48 t=+12ms [Hunter] rule registered name=DownloadException
09-24 21:23:09.628  6960  6960 D OplusOtaTracer: seq=49 t=+12ms [DlReq] hooked a overloads=1 on com.oplus.ota.downloader.util.b
09-24 21:23:09.628  6960  6960 D OplusOtaTracer: seq=50 t=+12ms [DlReq] attach /ts json p5.b
09-24 21:23:09.629  6960  6960 D OplusOtaTracer: seq=51 t=+13ms [DlReq] hooked t overloads=1 on p5.b
09-24 21:23:09.631  6960  6960 D OplusOtaTracer: seq=52 t=+14ms [DlReq] hooked addRequestProperty overloads=1 on com.android.okhttp.internal.huc.HttpURLConnectionImpl
09-24 21:23:09.631  6960  6960 D OplusOtaTracer: seq=53 t=+15ms [DlReq] no method named addRequestProperty on java.net.HttpURLConnection
09-24 21:23:09.631  6960  6960 D OplusOtaTracer: seq=54 t=+15ms [DlReq] hooked getResponseCode overloads=1 on com.android.okhttp.internal.huc.HttpURLConnectionImpl
09-24 21:23:09.631  6960  6960 D OplusOtaTracer: seq=55 t=+15ms [DlReq] hooked getInputStream overloads=1 on com.android.okhttp.internal.huc.HttpURLConnectionImpl
09-24 21:23:09.631  6960  6960 D OplusOtaTracer: seq=56 t=+15ms [DlReq] hooked getErrorStream overloads=1 on com.android.okhttp.internal.huc.HttpURLConnectionImpl
09-24 21:23:09.632  6960  6960 D OplusOtaTracer: seq=57 t=+16ms [DlReq] hooked getResponseCode overloads=1 on java.net.HttpURLConnection
09-24 21:23:09.632  6960  6960 D OplusOtaTracer: seq=58 t=+16ms [DlReq] no method named getInputStream on java.net.HttpURLConnection
09-24 21:23:09.632  6960  6960 D OplusOtaTracer: seq=59 t=+16ms [DlReq] hooked getErrorStream overloads=1 on java.net.HttpURLConnection
09-24 21:23:09.632  6960  6960 D OplusOtaTracer: seq=60 t=+16ms [Hunter] no class com.oplus.ota.downloader.util.SignVerifyUtils
09-24 21:23:09.632  6960  6960 D OplusOtaTracer: seq=61 t=+16ms [Hunter] no class com.oplus.ota.downloader.SignVerifyUtils
09-24 21:23:09.632  6960  6960 D OplusOtaTracer: seq=62 t=+16ms [Hunter] no class com.oplus.ota.utils.SignVerifyUtils
09-24 21:23:09.633  6960  6960 D OplusOtaTracer: seq=63 t=+17ms [Hunter] no class com.oplus.ota.common.utils.SignVerifyUtils
09-24 21:23:09.633  6960  6960 D OplusOtaTracer: seq=64 t=+17ms [Hunter] no class com.oplus.ota.util.SignVerifyUtils
09-24 21:23:09.633  6960  6960 D OplusOtaTracer: seq=65 t=+17ms [Hunter] no class com.oplus.ota.security.SignVerifyUtils
09-24 21:23:09.633  6960  6960 D OplusOtaTracer: seq=66 t=+17ms [Hunter] no class com.oplus.ota.sign.SignVerifyUtils
09-24 21:23:09.633  6960  6960 D OplusOtaTracer: seq=67 t=+17ms [Hunter] no class com.oplus.ota.gka.SignVerifyUtils
09-24 21:23:09.633  6960  6960 D OplusOtaTracer: seq=68 t=+17ms [Hunter] no class com.oplus.ota.SignVerifyUtils
09-24 21:23:09.634  6960  6960 D OplusOtaTracer: seq=69 t=+18ms [Hunter] no class com.oplus.ota.downloader.GetInfoThread
09-24 21:23:09.634  6960  6960 D OplusOtaTracer: seq=70 t=+18ms [Hunter] no class com.oplus.ota.downloader.thread.GetInfoThread
09-24 21:23:09.634  6960  6960 D OplusOtaTracer: seq=71 t=+18ms [Hunter] no class com.oplus.ota.downloader.util.GetInfoThread
09-24 21:23:09.634  6960  6960 D OplusOtaTracer: seq=72 t=+18ms [Hunter] no class com.oplus.ota.module.GetInfoThread
09-24 21:23:09.634  6960  6960 D OplusOtaTracer: seq=73 t=+18ms [Hunter] no class com.oplus.ota.thread.GetInfoThread
09-24 21:23:09.634  6960  6960 D OplusOtaTracer: seq=74 t=+18ms [Hunter] no class com.oplus.ota.net.GetInfoThread
09-24 21:23:09.635  6960  6960 D OplusOtaTracer: seq=75 t=+19ms [Hunter] no class com.oplus.ota.utils.GetInfoThread
09-24 21:23:09.635  6960  6960 D OplusOtaTracer: seq=76 t=+19ms [Hunter] no class com.oplus.ota.GetInfoThread
09-24 21:23:09.635  6960  6960 D OplusOtaTracer: seq=77 t=+19ms [Hunter] hit rule=DownloadException class=com.oplus.ota.downloader.DownloadException via=fqcn
09-24 21:23:09.635  6960  6960 D OplusOtaTracer: seq=78 t=+19ms [DownloadException] attach class=com.oplus.ota.downloader.DownloadException
09-24 21:23:09.636  6960  6960 D OplusOtaTracer: seq=79 t=+20ms [DownloadException] hooked <init> overloads=5 on com.oplus.ota.downloader.DownloadException
09-24 21:23:09.636  6960  6960 D OplusOtaTracer: seq=80 t=+20ms [Hunter] no class com.oplus.ota.exception.DownloadException
09-24 21:23:09.636  6960  6960 D OplusOtaTracer: seq=81 t=+20ms [Hunter] no class com.oplus.ota.common.exception.DownloadException
09-24 21:23:09.637  6960  6960 D OplusOtaTracer: seq=82 t=+21ms [Hunter] no class com.oplus.ota.net.DownloadException
09-24 21:23:09.637  6960  6960 D OplusOtaTracer: seq=83 t=+21ms [Hunter] no class com.oplus.ota.module.DownloadException
09-24 21:23:09.637  6960  6960 D OplusOtaTracer: seq=84 t=+21ms [Hunter] no class com.oplus.ota.DownloadException
09-24 21:23:09.637  6960  6960 D OplusOtaTracer: seq=85 t=+21ms [Hunter] no class com.oplus.ota.download.DownloadException
09-24 21:23:09.637  6960  6960 D OplusOtaTracer: seq=86 t=+21ms [Response] hooked com.android.okhttp.internal.huc.HttpURLConnectionImpl#getResponseCode
09-24 21:23:09.637  6960  6960 D OplusOtaTracer: seq=87 t=+21ms [Response] hooked com.android.okhttp.internal.huc.HttpURLConnectionImpl#getInputStream
09-24 21:23:09.637  6960  6960 D OplusOtaTracer: seq=88 t=+21ms [Response] hooked java.net.HttpURLConnection#getResponseCode
09-24 21:23:09.637  6960  6960 D OplusOtaTracer: seq=89 t=+21ms [Response] hook unavailable okhttp3.Response#code (XposedHelpers$ClassNotFoundError)
09-24 21:23:09.637  6960  6960 D OplusOtaTracer: seq=90 t=+21ms [Response] hook unavailable okhttp3.internal.http.RealResponseBody#source (XposedHelpers$ClassNotFoundError)
09-24 21:23:09.638  6960  6960 D OplusOtaTracer: seq=91 t=+22ms [Response] hook unavailable com.android.volley.toolbox.HttpStack#performRequest (XposedHelpers$ClassNotFoundError)
09-24 21:23:09.638  6960  6960 D OplusOtaTracer: seq=92 t=+22ms [KeyStore] hooked java.security.KeyStore#getInstance
09-24 21:23:09.638  6960  6960 D OplusOtaTracer: seq=93 t=+22ms [KeyStore] hooked java.security.KeyStore#load
09-24 21:23:09.638  6960  6960 D OplusOtaTracer: seq=94 t=+22ms [KeyStore] hooked java.security.KeyStore#getKey
09-24 21:23:09.639  6960  6960 D OplusOtaTracer: seq=95 t=+23ms [KeyStore] hooked java.security.KeyStore#getEntry
09-24 21:23:09.639  6960  6960 D OplusOtaTracer: seq=96 t=+23ms [KeyStore] hooked java.security.KeyStore#getCertificate
09-24 21:23:09.639  6960  6960 D OplusOtaTracer: seq=97 t=+23ms [KeyStore] hooked java.security.KeyPairGenerator#getInstance
09-24 21:23:09.639  6960  6960 D OplusOtaTracer: seq=98 t=+23ms [KeyStore] hooked java.security.KeyFactory#getInstance
09-24 21:23:09.640  6960  6960 D OplusOtaTracer: seq=99 t=+24ms [KeyStore] hooked java.security.Signature#getInstance
09-24 21:23:09.640  6960  6960 D OplusOtaTracer: seq=100 t=+24ms [KeyStore] hooked java.security.Signature#initSign
09-24 21:23:09.640  6960  6960 D OplusOtaTracer: seq=101 t=+24ms [KeyStore] hook unavailable java.security.Signature$Delegate#initSign (NoSuchMethodError)
09-24 21:23:09.640  6960  6960 D OplusOtaTracer: seq=102 t=+24ms [KeyStore] hooked java.security.Signature#sign
09-24 21:23:09.640  6960  6960 D OplusOtaTracer: seq=103 t=+24ms [KeyStore] hook unavailable java.security.Signature$Delegate#sign (NoSuchMethodError)
09-24 21:23:09.640  6960  6960 D OplusOtaTracer: seq=104 t=+24ms [KeyStore] hooked java.security.KeyPairGenerator#generateKeyPair
09-24 21:23:09.641  6960  6960 D OplusOtaTracer: seq=105 t=+25ms [KeyStore] hooked java.security.KeyPairGenerator#initialize
09-24 21:23:09.641  6960  6960 D OplusOtaTracer: seq=106 t=+25ms [KeyStore] hooked java.security.KeyPairGenerator#initialize
09-24 21:23:09.641  6960  6960 D OplusOtaTracer: seq=107 t=+25ms [KeyStore] hooked javax.crypto.KeyGenerator#generateKey
09-24 21:23:09.641  6960  6960 D OplusOtaTracer: seq=108 t=+25ms [KeyStore] hooked java.security.KeyStore#setEntry
09-24 21:23:09.642  6960  6960 D OplusOtaTracer: seq=109 t=+26ms [KeyStore] hooked java.security.KeyStore#setKeyEntry
09-24 21:23:09.642  6960  6960 D OplusOtaTracer: seq=110 t=+26ms [KeyStore] hooked java.security.KeyStore#deleteEntry
09-24 21:23:09.642  6960  6960 D OplusOtaTracer: seq=111 t=+26ms [KeyStore] hooked java.security.KeyStore#containsAlias
09-24 21:23:09.642  6960  6960 D OplusOtaTracer: seq=112 t=+26ms [Prefs] hooked android.app.SharedPreferencesImpl#getInt
09-24 21:23:09.643  6960  6960 D OplusOtaTracer: seq=113 t=+27ms [Thread] hooked java.lang.Thread#start
09-24 21:23:09.643  6960  6960 D OplusOtaTracer: seq=114 t=+27ms [Thread] hooked ThreadPoolExecutor#execute
09-24 21:23:09.643  6960  6960 D OplusOtaTracer: seq=115 t=+27ms [AppLog] hooked android.util.Log#d
09-24 21:23:09.644  6960  6960 D OplusOtaTracer: seq=116 t=+28ms [AppLog] hooked android.util.Log#i
09-24 21:23:09.644  6960  6960 D OplusOtaTracer: seq=117 t=+28ms [AppLog] hooked android.util.Log#w
09-24 21:23:09.644  6960  6960 D OplusOtaTracer: seq=118 t=+28ms [AppLog] hooked android.util.Log#e
09-24 21:23:09.644  6960  6960 D OplusOtaTracer: seq=119 t=+28ms [AppLog] hooked android.util.Log#v
09-24 21:23:09.644  6960  6960 D OplusOtaTracer: seq=120 t=+28ms [Boot] install complete - filter with: logcat -s OplusOtaTracer
09-24 21:23:09.752  6960  6960 D OplusOtaTracer: seq=121 t=+136ms [Thread] start name=Thread-3 class=java.lang.Thread ours=false
09-24 21:23:09.753  6960  6960 D OplusOtaTracer: seq=122 t=+137ms [Thread] start name=SurfaceSyncGroupTimer class=android.os.HandlerThread ours=false
09-24 21:23:09.755  6960  9943 D OplusOtaTracer: seq=123 t=+139ms [Thread] execute class=android.app.SharedPreferencesImpl$$ExternalSyntheticLambda0 ours=false
09-24 21:23:09.755  6960  9943 D OplusOtaTracer: seq=124 t=+139ms [Thread] start name=CachedPool-1 class=java.lang.Thread ours=false
09-24 21:23:09.755  6960  9943 D OplusOtaTracer: seq=125 t=+139ms [Thread] start name=GetIDWorkThread class=android.os.HandlerThread ours=false
09-24 21:23:09.757  6960  6960 D OplusOtaTracer: seq=126 t=+141ms [Thread] start name=Thread-4 class=java.lang.Thread ours=false
09-24 21:23:09.760  6960  6960 D OplusOtaTracer: seq=127 t=+144ms [Thread] start name=Thread-5 class=java.lang.Thread ours=false
09-24 21:23:09.914  9950  9950 D OplusOtaTracer: seq=1 t=+0ms [Boot] attach process=com.oplus.ota pkg=com.oplus.ota isFirstApp=true
09-24 21:23:09.915  9950  9950 D OplusOtaTracer: seq=2 t=+1ms [Attest] attach com.allawn.cryptography.security.attestation.AttestationUtil
09-24 21:23:09.916  9950  9950 D OplusOtaTracer: seq=3 t=+2ms [Attest] hooked createApplicationPublicKey overloads=1 on com.allawn.cryptography.security.attestation.AttestationUtil
09-24 21:23:09.916  9950  9950 D OplusOtaTracer: seq=4 t=+2ms [Attest] hooked createRandomPublicKey overloads=1 on com.allawn.cryptography.security.attestation.AttestationUtil
09-24 21:23:09.916  9950  9950 D OplusOtaTracer: seq=5 t=+2ms [Attest] hooked deleteKeyIfExists overloads=1 on com.allawn.cryptography.security.attestation.AttestationUtil
09-24 21:23:09.916  9950  9950 D OplusOtaTracer: seq=6 t=+2ms [Attest] hooked encodeToString overloads=1 on com.allawn.cryptography.security.attestation.AttestationUtil
09-24 21:23:09.917  9950  9950 D OplusOtaTracer: seq=7 t=+3ms [Attest] hooked isSupportAttestation overloads=2 on com.allawn.cryptography.security.attestation.AttestationUtil
09-24 21:23:09.917  9950  9950 D OplusOtaTracer: seq=8 t=+3ms [Attest] hooked isSupportAttestationV2 overloads=2 on com.allawn.cryptography.security.attestation.AttestationUtil
09-24 21:23:09.917  9950  9950 D OplusOtaTracer: seq=9 t=+3ms [Attest] attach com.allawn.cryptography.security.attestation.AttestationManager
09-24 21:23:09.918  9950  9950 D OplusOtaTracer: seq=10 t=+4ms [Attest] hooked clear overloads=1 on com.allawn.cryptography.security.attestation.AttestationManager
09-24 21:23:09.918  9950  9950 D OplusOtaTracer: seq=11 t=+4ms [Attest] hooked createSigningCertChain overloads=1 on com.allawn.cryptography.security.attestation.AttestationManager
09-24 21:23:09.918  9950  9950 D OplusOtaTracer: seq=12 t=+4ms [Attest] hooked generate overloads=1 on com.allawn.cryptography.security.attestation.AttestationManager
09-24 21:23:09.918  9950  9950 D OplusOtaTracer: seq=13 t=+4ms [Attest] hooked getApplicationPublicKey overloads=1 on com.allawn.cryptography.security.attestation.AttestationManager
09-24 21:23:09.918  9950  9950 D OplusOtaTracer: seq=14 t=+4ms [Attest] hooked getSigningKeyAliasCode overloads=1 on com.allawn.cryptography.security.attestation.AttestationManager
09-24 21:23:09.919  9950  9950 D OplusOtaTracer: seq=15 t=+5ms [Attest] hooked packBasicAttestation overloads=1 on com.allawn.cryptography.security.attestation.AttestationManager
09-24 21:23:09.919  9950  9950 D OplusOtaTracer: seq=16 t=+5ms [Attest] hooked packIdAttestation overloads=1 on com.allawn.cryptography.security.attestation.AttestationManager
09-24 21:23:09.919  9950  9950 D OplusOtaTracer: seq=17 t=+5ms [Attest] hooked packParametersToCryptoEng overloads=1 on com.allawn.cryptography.security.attestation.AttestationManager
09-24 21:23:09.919  9950  9950 D OplusOtaTracer: seq=18 t=+5ms [Attest] hooked packPublicKeyInfo overloads=1 on com.allawn.cryptography.security.attestation.AttestationManager
09-24 21:23:09.920  9950  9950 D OplusOtaTracer: seq=19 t=+6ms [Attest] hooked packTimeInfo overloads=1 on com.allawn.cryptography.security.attestation.AttestationManager
09-24 21:23:09.920  9950  9950 D OplusOtaTracer: seq=20 t=+6ms [Attest] hooked generateRaw overloads=1 on com.allawn.cryptography.security.attestation.AttestationManager
09-24 21:23:09.920  9950  9950 D OplusOtaTracer: seq=21 t=+6ms [Attest] hooked generateX509 overloads=1 on com.allawn.cryptography.security.attestation.AttestationManager
09-24 21:23:09.920  9950  9950 D OplusOtaTracer: seq=22 t=+6ms [Attest] cmdTypes  CE_CMD_PKI_VERIFY=25 CE_CMD_GROUP_PKI_VERIFY=30 CE_CMD_RUN_PKI_FIRST_CMD=10000 CE_CMD_RUN_PKI_HASH=10001 CE_CMD_RUN_PKI_HMAC=10002 CE_CMD_RUN_PKI_HKDF=10003 CE_CMD_RUN_PKI_AES=10004 CE_CMD_RUN_PKI_RSA=10005 CE_CMD_RUN_PKI_ECDH=10006 CE_CMD_RUN_PKI_ECIES=10007 CE_CMD_RUN_PKI_ECDSA=10008 CE_CMD_RUN_PKI_CERT_VERIFY=10009 CE_CMD_RUN_PKI_SIGN=10010 CE_CMD_RUN_PKI_ECIES_CERT_ENC=10011 CE_CMD_RUN_PKI_ECIES_CERT_DEC=10012 CE_CMD_RUN_PKI_PRESET_DATA_DEC=10013 CE_CMD_RUN_PKI_BASIC_ATTESTATION=10014 CE_CMD_RUN_PKI_COMMON_ID_ATTESTATION=10015 CE_CMD_RUN_PKI_PRIVACY_ID_ATTESTATION=10100 CE_CMD_RUN_PKI_EXPORT_CERT=10020 CE_CMD_RUN_PKI_MAX=10021
09-24 21:23:09.920  9950  9950 D OplusOtaTracer: seq=23 t=+6ms [Attest] no cmd type com.allawn.cryptography.teesdk.type.CryptoengCmdType (ClassNotFoundException)
09-24 21:23:09.920  9950  9950 D OplusOtaTracer: seq=24 t=+6ms [Parse] no class com.allawn.cryptography.teesdk.util.ResultParser
09-24 21:23:09.921  9950  9950 D OplusOtaTracer: seq=25 t=+7ms [Parse] no class com.allawn.cryptography.teesdk.result.ResultParser
09-24 21:23:09.921  9950  9950 D OplusOtaTracer: seq=26 t=+7ms [Parse] no class com.allawn.cryptography.util.ResultParser
09-24 21:23:09.921  9950  9950 D OplusOtaTracer: seq=27 t=+7ms [Parse] no class com.allawn.cryptography.ResultParser
09-24 21:23:09.921  9950  9950 D OplusOtaTracer: seq=28 t=+7ms [Parse] no class com.allawn.cryptography.teesdk.util.Util
09-24 21:23:09.921  9950  9950 D OplusOtaTracer: seq=29 t=+7ms [Parse] no class com.allawn.cryptography.util.Util
09-24 21:23:09.922  9950  9950 D OplusOtaTracer: seq=30 t=+8ms [Parse] hooked isParseSuccess overloads=1 on com.allawn.cryptography.teesdk.Util
09-24 21:23:09.922  9950  9950 D OplusOtaTracer: seq=31 t=+8ms [Parse] hooked isMethodExecuteSuccessV2 overloads=1 on com.allawn.cryptography.teesdk.Util
09-24 21:23:09.922  9950  9950 D OplusOtaTracer: seq=32 t=+8ms [Parse] attached com.allawn.cryptography.teesdk.Util via=fqcn overloads=2
09-24 21:23:09.922  9950  9950 D OplusOtaTracer: seq=33 t=+8ms [SignVerify] attach-all class=com.oplus.ota.downloader.util.b
09-24 21:23:09.922  9950  9950 D OplusOtaTracer: seq=34 t=+8ms [SignVerify] hooked a overloads=1 on com.oplus.ota.downloader.util.b
09-24 21:23:09.923  9950  9950 D OplusOtaTracer: seq=35 t=+9ms [SignVerify] hooked b overloads=1 on com.oplus.ota.downloader.util.b
09-24 21:23:09.923  9950  9950 D OplusOtaTracer: seq=36 t=+9ms [SignVerify] hooked c overloads=1 on com.oplus.ota.downloader.util.b
09-24 21:23:09.923  9950  9950 D OplusOtaTracer: seq=37 t=+9ms [SignVerify] hooked d overloads=1 on com.oplus.ota.downloader.util.b
09-24 21:23:09.923  9950  9950 D OplusOtaTracer: seq=38 t=+9ms [SignVerify] hooked e overloads=1 on com.oplus.ota.downloader.util.b
09-24 21:23:09.923  9950  9950 D OplusOtaTracer: seq=39 t=+9ms [SignVerify] hooked f overloads=1 on com.oplus.ota.downloader.util.b
09-24 21:23:09.924  9950  9950 D OplusOtaTracer: seq=40 t=+10ms [SignVerify] hooked g overloads=1 on com.oplus.ota.downloader.util.b
09-24 21:23:09.924  9950  9950 D OplusOtaTracer: seq=41 t=+10ms [SignVerify] hooked h overloads=1 on com.oplus.ota.downloader.util.b
09-24 21:23:09.924  9950  9950 D OplusOtaTracer: seq=42 t=+10ms [SignVerify] hooked i overloads=1 on com.oplus.ota.downloader.util.b
09-24 21:23:09.924  9950  9950 D OplusOtaTracer: seq=43 t=+10ms [SignVerify] hooked k overloads=1 on com.oplus.ota.downloader.util.b
09-24 21:23:09.925  9950  9950 D OplusOtaTracer: seq=44 t=+11ms [SignVerify] hooked l overloads=1 on com.oplus.ota.downloader.util.b
09-24 21:23:09.925  9950  9950 D OplusOtaTracer: seq=45 t=+11ms [SignVerify] hooked m overloads=1 on com.oplus.ota.downloader.util.b
09-24 21:23:09.925  9950  9950 D OplusOtaTracer: seq=46 t=+11ms [Hunter] rule registered name=SignVerifyUtils
09-24 21:23:09.925  9950  9950 D OplusOtaTracer: seq=47 t=+11ms [Hunter] rule registered name=GetInfoThread
09-24 21:23:09.925  9950  9950 D OplusOtaTracer: seq=48 t=+11ms [Hunter] rule registered name=DownloadException
09-24 21:23:09.925  9950  9950 D OplusOtaTracer: seq=49 t=+11ms [DlReq] hooked a overloads=1 on com.oplus.ota.downloader.util.b
09-24 21:23:09.925  9950  9950 D OplusOtaTracer: seq=50 t=+11ms [DlReq] attach /ts json p5.b
09-24 21:23:09.926  9950  9950 D OplusOtaTracer: seq=51 t=+12ms [DlReq] hooked t overloads=1 on p5.b
09-24 21:23:09.926  9950  9950 D OplusOtaTracer: seq=52 t=+12ms [DlReq] hooked addRequestProperty overloads=1 on com.android.okhttp.internal.huc.HttpURLConnectionImpl
09-24 21:23:09.926  9950  9950 D OplusOtaTracer: seq=53 t=+12ms [DlReq] no method named addRequestProperty on java.net.HttpURLConnection
09-24 21:23:09.926  9950  9950 D OplusOtaTracer: seq=54 t=+12ms [DlReq] hooked getResponseCode overloads=1 on com.android.okhttp.internal.huc.HttpURLConnectionImpl
09-24 21:23:09.927  9950  9950 D OplusOtaTracer: seq=55 t=+13ms [DlReq] hooked getInputStream overloads=1 on com.android.okhttp.internal.huc.HttpURLConnectionImpl
09-24 21:23:09.927  9950  9950 D OplusOtaTracer: seq=56 t=+13ms [DlReq] hooked getErrorStream overloads=1 on com.android.okhttp.internal.huc.HttpURLConnectionImpl
09-24 21:23:09.927  9950  9950 D OplusOtaTracer: seq=57 t=+13ms [DlReq] hooked getResponseCode overloads=1 on java.net.HttpURLConnection
09-24 21:23:09.927  9950  9950 D OplusOtaTracer: seq=58 t=+13ms [DlReq] no method named getInputStream on java.net.HttpURLConnection
09-24 21:23:09.927  9950  9950 D OplusOtaTracer: seq=59 t=+13ms [DlReq] hooked getErrorStream overloads=1 on java.net.HttpURLConnection
09-24 21:23:09.928  9950  9950 D OplusOtaTracer: seq=60 t=+14ms [Hunter] no class com.oplus.ota.downloader.util.SignVerifyUtils
09-24 21:23:09.928  9950  9950 D OplusOtaTracer: seq=61 t=+14ms [Hunter] no class com.oplus.ota.downloader.SignVerifyUtils
09-24 21:23:09.928  9950  9950 D OplusOtaTracer: seq=62 t=+14ms [Hunter] no class com.oplus.ota.utils.SignVerifyUtils
09-24 21:23:09.928  9950  9950 D OplusOtaTracer: seq=63 t=+14ms [Hunter] no class com.oplus.ota.common.utils.SignVerifyUtils
09-24 21:23:09.928  9950  9950 D OplusOtaTracer: seq=64 t=+14ms [Hunter] no class com.oplus.ota.util.SignVerifyUtils
09-24 21:23:09.928  9950  9950 D OplusOtaTracer: seq=65 t=+14ms [Hunter] no class com.oplus.ota.security.SignVerifyUtils
09-24 21:23:09.928  9950  9950 D OplusOtaTracer: seq=66 t=+14ms [Hunter] no class com.oplus.ota.sign.SignVerifyUtils
09-24 21:23:09.929  9950  9950 D OplusOtaTracer: seq=67 t=+15ms [Hunter] no class com.oplus.ota.gka.SignVerifyUtils
09-24 21:23:09.929  9950  9950 D OplusOtaTracer: seq=68 t=+15ms [Hunter] no class com.oplus.ota.SignVerifyUtils
09-24 21:23:09.929  9950  9950 D OplusOtaTracer: seq=69 t=+15ms [Hunter] no class com.oplus.ota.downloader.GetInfoThread
09-24 21:23:09.929  9950  9950 D OplusOtaTracer: seq=70 t=+15ms [Hunter] no class com.oplus.ota.downloader.thread.GetInfoThread
09-24 21:23:09.929  9950  9950 D OplusOtaTracer: seq=71 t=+15ms [Hunter] no class com.oplus.ota.downloader.util.GetInfoThread
09-24 21:23:09.929  9950  9950 D OplusOtaTracer: seq=72 t=+15ms [Hunter] no class com.oplus.ota.module.GetInfoThread
09-24 21:23:09.930  9950  9950 D OplusOtaTracer: seq=73 t=+16ms [Hunter] no class com.oplus.ota.thread.GetInfoThread
09-24 21:23:09.930  9950  9950 D OplusOtaTracer: seq=74 t=+16ms [Hunter] no class com.oplus.ota.net.GetInfoThread
09-24 21:23:09.930  9950  9950 D OplusOtaTracer: seq=75 t=+16ms [Hunter] no class com.oplus.ota.utils.GetInfoThread
09-24 21:23:09.930  9950  9950 D OplusOtaTracer: seq=76 t=+16ms [Hunter] no class com.oplus.ota.GetInfoThread
09-24 21:23:09.930  9950  9950 D OplusOtaTracer: seq=77 t=+16ms [Hunter] hit rule=DownloadException class=com.oplus.ota.downloader.DownloadException via=fqcn
09-24 21:23:09.930  9950  9950 D OplusOtaTracer: seq=78 t=+16ms [DownloadException] attach class=com.oplus.ota.downloader.DownloadException
09-24 21:23:09.931  9950  9950 D OplusOtaTracer: seq=79 t=+17ms [DownloadException] hooked <init> overloads=5 on com.oplus.ota.downloader.DownloadException
09-24 21:23:09.931  9950  9950 D OplusOtaTracer: seq=80 t=+17ms [Hunter] no class com.oplus.ota.exception.DownloadException
09-24 21:23:09.932  9950  9950 D OplusOtaTracer: seq=81 t=+18ms [Hunter] no class com.oplus.ota.common.exception.DownloadException
09-24 21:23:09.932  9950  9950 D OplusOtaTracer: seq=82 t=+18ms [Hunter] no class com.oplus.ota.net.DownloadException
09-24 21:23:09.932  9950  9950 D OplusOtaTracer: seq=83 t=+18ms [Hunter] no class com.oplus.ota.module.DownloadException
09-24 21:23:09.932  9950  9950 D OplusOtaTracer: seq=84 t=+18ms [Hunter] no class com.oplus.ota.DownloadException
09-24 21:23:09.932  9950  9950 D OplusOtaTracer: seq=85 t=+18ms [Hunter] no class com.oplus.ota.download.DownloadException
09-24 21:23:09.932  9950  9950 D OplusOtaTracer: seq=86 t=+18ms [Response] hooked com.android.okhttp.internal.huc.HttpURLConnectionImpl#getResponseCode
09-24 21:23:09.932  9950  9950 D OplusOtaTracer: seq=87 t=+18ms [Response] hooked com.android.okhttp.internal.huc.HttpURLConnectionImpl#getInputStream
09-24 21:23:09.932  9950  9950 D OplusOtaTracer: seq=88 t=+18ms [Response] hooked java.net.HttpURLConnection#getResponseCode
09-24 21:23:09.933  9950  9950 D OplusOtaTracer: seq=89 t=+19ms [Response] hook unavailable okhttp3.Response#code (XposedHelpers$ClassNotFoundError)
09-24 21:23:09.933  9950  9950 D OplusOtaTracer: seq=90 t=+19ms [Response] hook unavailable okhttp3.internal.http.RealResponseBody#source (XposedHelpers$ClassNotFoundError)
09-24 21:23:09.933  9950  9950 D OplusOtaTracer: seq=91 t=+19ms [Response] hook unavailable com.android.volley.toolbox.HttpStack#performRequest (XposedHelpers$ClassNotFoundError)
09-24 21:23:09.933  9950  9950 D OplusOtaTracer: seq=92 t=+19ms [KeyStore] hooked java.security.KeyStore#getInstance
09-24 21:23:09.933  9950  9950 D OplusOtaTracer: seq=93 t=+19ms [KeyStore] hooked java.security.KeyStore#load
09-24 21:23:09.934  9950  9950 D OplusOtaTracer: seq=94 t=+20ms [KeyStore] hooked java.security.KeyStore#getKey
09-24 21:23:09.934  9950  9950 D OplusOtaTracer: seq=95 t=+20ms [KeyStore] hooked java.security.KeyStore#getEntry
09-24 21:23:09.934  9950  9950 D OplusOtaTracer: seq=96 t=+20ms [KeyStore] hooked java.security.KeyStore#getCertificate
09-24 21:23:09.934  9950  9950 D OplusOtaTracer: seq=97 t=+20ms [KeyStore] hooked java.security.KeyPairGenerator#getInstance
09-24 21:23:09.935  9950  9950 D OplusOtaTracer: seq=98 t=+21ms [KeyStore] hooked java.security.KeyFactory#getInstance
09-24 21:23:09.935  9950  9950 D OplusOtaTracer: seq=99 t=+21ms [KeyStore] hooked java.security.Signature#getInstance
09-24 21:23:09.935  9950  9950 D OplusOtaTracer: seq=100 t=+21ms [KeyStore] hooked java.security.Signature#initSign
09-24 21:23:09.935  9950  9950 D OplusOtaTracer: seq=101 t=+21ms [KeyStore] hook unavailable java.security.Signature$Delegate#initSign (NoSuchMethodError)
09-24 21:23:09.935  9950  9950 D OplusOtaTracer: seq=102 t=+21ms [KeyStore] hooked java.security.Signature#sign
09-24 21:23:09.935  9950  9950 D OplusOtaTracer: seq=103 t=+21ms [KeyStore] hook unavailable java.security.Signature$Delegate#sign (NoSuchMethodError)
09-24 21:23:09.936  9950  9950 D OplusOtaTracer: seq=104 t=+22ms [KeyStore] hooked java.security.KeyPairGenerator#generateKeyPair
09-24 21:23:09.936  9950  9950 D OplusOtaTracer: seq=105 t=+22ms [KeyStore] hooked java.security.KeyPairGenerator#initialize
09-24 21:23:09.936  9950  9950 D OplusOtaTracer: seq=106 t=+22ms [KeyStore] hooked java.security.KeyPairGenerator#initialize
09-24 21:23:09.936  9950  9950 D OplusOtaTracer: seq=107 t=+22ms [KeyStore] hooked javax.crypto.KeyGenerator#generateKey
09-24 21:23:09.936  9950  9950 D OplusOtaTracer: seq=108 t=+22ms [KeyStore] hooked java.security.KeyStore#setEntry
09-24 21:23:09.937  9950  9950 D OplusOtaTracer: seq=109 t=+23ms [KeyStore] hooked java.security.KeyStore#setKeyEntry
09-24 21:23:09.937  9950  9950 D OplusOtaTracer: seq=110 t=+23ms [KeyStore] hooked java.security.KeyStore#deleteEntry
09-24 21:23:09.937  9950  9950 D OplusOtaTracer: seq=111 t=+23ms [KeyStore] hooked java.security.KeyStore#containsAlias
09-24 21:23:09.937  9950  9950 D OplusOtaTracer: seq=112 t=+23ms [Prefs] hooked android.app.SharedPreferencesImpl#getInt
09-24 21:23:09.938  9950  9950 D OplusOtaTracer: seq=113 t=+24ms [Thread] hooked java.lang.Thread#start
09-24 21:23:09.938  9950  9950 D OplusOtaTracer: seq=114 t=+24ms [Thread] hooked ThreadPoolExecutor#execute
09-24 21:23:09.938  9950  9950 D OplusOtaTracer: seq=115 t=+24ms [AppLog] hooked android.util.Log#d
09-24 21:23:09.939  9950  9950 D OplusOtaTracer: seq=116 t=+25ms [AppLog] hooked android.util.Log#i
09-24 21:23:09.939  9950  9950 D OplusOtaTracer: seq=117 t=+25ms [AppLog] hooked android.util.Log#w
09-24 21:23:09.939  9950  9950 D OplusOtaTracer: seq=118 t=+25ms [AppLog] hooked android.util.Log#e
09-24 21:23:09.939  9950  9950 D OplusOtaTracer: seq=119 t=+25ms [AppLog] hooked android.util.Log#v
09-24 21:23:09.939  9950  9950 D OplusOtaTracer: seq=120 t=+25ms [Boot] install complete - filter with: logcat -s OplusOtaTracer
09-24 21:23:10.028  9950  9950 D OplusOtaTracer: seq=121 t=+114ms [Thread] start name=SharedPreferencesImpl-load class=android.app.SharedPreferencesImpl$1 ours=false
09-24 21:23:10.028  9950  9950 D OplusOtaTracer: seq=122 t=+114ms [Thread] start name=SharedPreferencesImpl-load class=android.app.SharedPreferencesImpl$1 ours=false
09-24 21:23:10.028  9950  9950 D OplusOtaTracer: seq=123 t=+114ms [Thread] start name=SharedPreferencesImpl-load class=android.app.SharedPreferencesImpl$1 ours=false
09-24 21:23:10.028  9950  9950 D OplusOtaTracer: seq=124 t=+114ms [Thread] start name=Thread-3 class=java.lang.Thread ours=false
09-24 21:23:10.029  9950 10030 D OplusOtaTracer: seq=125 t=+115ms [Thread] execute class=android.app.SharedPreferencesImpl$$ExternalSyntheticLambda0 ours=false
09-24 21:23:10.029  9950 10030 D OplusOtaTracer: seq=126 t=+115ms [Thread] start name=CachedPool-1 class=java.lang.Thread ours=false
09-24 21:23:10.030  9950 10030 D OplusOtaTracer: seq=127 t=+116ms [Thread] start name=GetIDWorkThread class=android.os.HandlerThread ours=false
09-24 21:23:10.031  9950  9950 D OplusOtaTracer: seq=128 t=+117ms [Thread] execute class=a8.h0 ours=true
09-24 21:23:10.032  9950  9950 D OplusOtaTracer: seq=129 t=+117ms [Thread] hooked run overloads=1 on a8.h0
09-24 21:23:10.032  9950  9950 D OplusOtaTracer: seq=130 t=+118ms [Thread] start name=pool-4-thread-1 class=java.lang.Thread ours=false
09-24 21:23:10.032  9950 10034 D OplusOtaTracer: seq=131 t=+118ms [Thread] run enter a8.h0
09-24 21:23:10.033  9950 10034 D OplusOtaTracer: seq=132 t=+118ms [Thread] run exit a8.h0
09-24 21:23:10.033  9950  9950 D OplusOtaTracer: seq=133 t=+119ms [Thread] execute class=s9.b ours=true
09-24 21:23:10.033  9950  9950 D OplusOtaTracer: seq=134 t=+119ms [Thread] hooked run overloads=1 on s9.b
09-24 21:23:10.033  9950 10034 D OplusOtaTracer: seq=135 t=+119ms [Thread] run enter s9.b
09-24 21:23:10.034  9950 10034 D OplusOtaTracer: seq=136 t=+120ms [Thread] run exit s9.b
09-24 21:23:10.036  9950  9950 D OplusOtaTracer: seq=137 t=+122ms [Thread] execute class=s9.b ours=true
09-24 21:23:10.036  9950 10034 D OplusOtaTracer: seq=138 t=+122ms [Thread] run enter s9.b
09-24 21:23:10.036  9950 10034 D OplusOtaTracer: seq=139 t=+122ms [Thread] run exit s9.b
09-24 21:23:10.044  9950  9986 D OplusOtaTracer: seq=140 t=+130ms [Thread] execute class=android.app.SharedPreferencesImpl$$ExternalSyntheticLambda0 ours=false
09-24 21:23:10.044  9950  9986 D OplusOtaTracer: seq=141 t=+130ms [Thread] start name=CachedPool-2 class=java.lang.Thread ours=false
09-24 21:23:10.045  9950  9950 D OplusOtaTracer: seq=142 t=+131ms [Thread] start name=Thread-4 class=java.lang.Thread ours=false
09-24 21:23:10.047  6960  6960 D OplusOtaTracer: seq=128 t=+431ms [Thread] execute class=java.util.concurrent.FutureTask ours=false
09-24 21:23:10.047  6960  6960 D OplusOtaTracer: seq=129 t=+431ms [Thread] start name=pool-4-thread-1 class=java.lang.Thread ours=false
09-24 21:23:10.047  6960  9948 D OplusOtaTracer: seq=130 t=+431ms [AppLog] i tag=OTAApplication_UI msg=log switch=false
09-24 21:23:10.049  9950  9950 D OplusOtaTracer: seq=143 t=+135ms [Thread] start name=Thread-5 class=java.lang.Thread ours=false
09-24 21:23:10.049  9950 10041 D OplusOtaTracer: seq=144 t=+135ms [Thread] run enter a8.h0
09-24 21:23:10.051  9950  9950 D OplusOtaTracer: seq=145 t=+137ms [Thread] execute class=java.util.concurrent.FutureTask ours=false
09-24 21:23:10.051  9950  9950 D OplusOtaTracer: seq=146 t=+137ms [Thread] start name=pool-5-thread-1 class=java.lang.Thread ours=false
09-24 21:23:10.051  9950 10041 D OplusOtaTracer: seq=147 t=+137ms [AppLog] i tag=OTAApplication msg=log switch=false
09-24 21:23:10.052  9950  9950 D OplusOtaTracer: seq=148 t=+138ms [Thread] start name=Thread-6 class=java.lang.Thread ours=false
09-24 21:23:10.052  9950  9950 D OplusOtaTracer: seq=149 t=+138ms [Thread] start name=Thread-7 class=java.lang.Thread ours=false
09-24 21:23:10.054  9950  9950 D OplusOtaTracer: seq=150 t=+140ms [Thread] start name=Thread-8 class=java.lang.Thread ours=false
09-24 21:23:10.059  9950  9950 D OplusOtaTracer: seq=151 t=+145ms [Thread] start name=Thread-9 class=java.lang.Thread ours=false
09-24 21:23:10.068  9950  9950 D OplusOtaTracer: seq=152 t=+154ms [Thread] start name=OTAService class=android.os.HandlerThread ours=false
09-24 21:23:10.069  9950  9950 D OplusOtaTracer: seq=153 t=+155ms [Thread] start name=Thread-10 class=java.lang.Thread ours=false
09-24 21:23:10.070  6960 10039 D OplusOtaTracer: seq=131 t=+454ms [Thread] execute class=android.app.SharedPreferencesImpl$$ExternalSyntheticLambda0 ours=false
09-24 21:23:10.070  6960 10039 D OplusOtaTracer: seq=132 t=+454ms [Thread] start name=CachedPool-2 class=java.lang.Thread ours=false
09-24 21:23:10.071  9950 10032 D OplusOtaTracer: seq=154 t=+157ms [Thread] start name=queued-work-looper class=android.os.HandlerThread ours=false
09-24 21:23:10.073  9950  9950 D OplusOtaTracer: seq=155 t=+159ms [Thread] start name=SotaUpdateManager class=android.os.HandlerThread ours=false
09-24 21:23:10.073  9950  9950 D OplusOtaTracer: seq=156 t=+159ms [Thread] start name=SotaRusUpdateManager class=android.os.HandlerThread ours=false
09-24 21:23:10.075  6960  6960 D OplusOtaTracer: seq=133 t=+459ms [Thread] execute class=android.os.AsyncTask$SerialExecutor$1 ours=false
09-24 21:23:10.075  6960  6960 D OplusOtaTracer: seq=134 t=+459ms [Thread] start name=AsyncTask #1 class=java.lang.Thread ours=false
09-24 21:23:10.095  6960  9948 D OplusOtaTracer: seq=135 t=+479ms [AppLog] e tag=CryptoengManager msg=commonGetResult: Cryptoeng Service return fail
09-24 21:23:10.104  9950 10044 D OplusOtaTracer: seq=157 t=+190ms [Thread] execute class=android.app.SharedPreferencesImpl$$ExternalSyntheticLambda0 ours=false
09-24 21:23:10.112  6960  6960 D OplusOtaTracer: seq=136 t=+496ms [Thread] start name=OplusTrack-thread class=q8.e ours=true
09-24 21:23:10.112  6960  6960 D OplusOtaTracer: seq=137 t=+496ms [Thread] no method named run on q8.e
09-24 21:23:10.114  9950 10041 D OplusOtaTracer: seq=158 t=+200ms [AppLog] e tag=CryptoengManager msg=commonGetResult: Cryptoeng Service return fail
09-24 21:23:10.115  6960  6960 D OplusOtaTracer: seq=138 t=+499ms [Thread] start name=setFrameInterval class=java.lang.Thread ours=false
09-24 21:23:10.132  6960  9946 D OplusOtaTracer: seq=139 t=+516ms [Thread] start name=queued-work-looper class=android.os.HandlerThread ours=false
09-24 21:23:10.135  6960  6960 D OplusOtaTracer: seq=140 t=+519ms [Thread] execute class=com.oplus.anim.m ours=false
09-24 21:23:10.135  6960  6960 D OplusOtaTracer: seq=141 t=+519ms [Thread] start name=pool-6-thread-1 class=java.lang.Thread ours=false
09-24 21:23:10.151  9950 10041 D OplusOtaTracer: seq=159 t=+237ms [Thread] run exit a8.h0
09-24 21:23:10.162  6960 10039 D OplusOtaTracer: seq=142 t=+546ms [Thread] execute class=android.app.SharedPreferencesImpl$$ExternalSyntheticLambda0 ours=false
09-24 21:23:10.204  9950 10044 D OplusOtaTracer: seq=160 t=+290ms [Thread] execute class=android.app.SharedPreferencesImpl$$ExternalSyntheticLambda0 ours=false
09-24 21:23:10.223  6960  6960 D OplusOtaTracer: seq=143 t=+607ms [Thread] start name=Thread-6 class=java.lang.Thread ours=false
09-24 21:23:10.223  6960  6960 D OplusOtaTracer: seq=144 t=+607ms [Thread] execute class=com.oplus.anim.m ours=false
09-24 21:23:10.223  9950 10061 D OplusOtaTracer: seq=161 t=+309ms [Thread] execute class=android.app.SharedPreferencesImpl$$ExternalSyntheticLambda0 ours=false
09-24 21:23:10.230  9950 10061 D OplusOtaTracer: seq=162 t=+316ms [Thread] start name=OplusTrack-thread class=q8.e ours=true
09-24 21:23:10.230  9950 10061 D OplusOtaTracer: seq=163 t=+316ms [Thread] no method named run on q8.e
09-24 21:23:10.230  9950 10061 D OplusOtaTracer: seq=164 t=+316ms [Thread] execute class=androidx.lifecycle.a1 ours=false
09-24 21:23:10.230  9950 10061 D OplusOtaTracer: seq=165 t=+316ms [Thread] start name=pool-7-thread-1 class=java.lang.Thread ours=false
09-24 21:23:10.231  9950 10104 D OplusOtaTracer: seq=166 t=+317ms [Thread] run enter a8.h0
09-24 21:23:10.231  6960 10103 D OplusOtaTracer: seq=145 t=+615ms [Thread] start name=sauAar class=android.os.HandlerThread ours=false
09-24 21:23:10.234  9950 10104 D OplusOtaTracer: seq=167 t=+320ms [Thread] run exit a8.h0
09-24 21:23:10.235  6960 10108 D OplusOtaTracer: seq=146 t=+619ms [AppLog] w tag=SauUpdateAgent msg=is new sauBinderservice ,reset description
09-24 21:23:10.236  9950 10061 D OplusOtaTracer: seq=168 t=+322ms [Thread] start name=Thread-11 class=s7.b ours=true
09-24 21:23:10.236  9950 10061 D OplusOtaTracer: seq=169 t=+322ms [Thread] hooked run overloads=1 on s7.b
09-24 21:23:10.236  9950 10112 D OplusOtaTracer: seq=170 t=+322ms [Thread] run enter s7.b
09-24 21:23:10.237  9950 10112 D OplusOtaTracer: seq=171 t=+323ms [Thread] start name=TcmReceiver class=java.lang.Thread ours=false
09-24 21:23:10.238  9950 10061 D OplusOtaTracer: seq=172 t=+324ms [Thread] execute class=com.oplus.ota.query.h ours=true
09-24 21:23:10.240  6960 10108 D OplusOtaTracer: seq=147 t=+624ms [AppLog] w tag=SauUpdateAgent msg=is new sauBinderservice ,reset description
09-24 21:23:10.245  9950 10061 D OplusOtaTracer: seq=173 t=+331ms [Thread] hooked run overloads=1 on com.oplus.ota.query.h
09-24 21:23:10.245  9950 10061 D OplusOtaTracer: seq=174 t=+331ms [Thread] start name=pool-6-thread-1 class=java.lang.Thread ours=false
09-24 21:23:10.246  9950 10119 D OplusOtaTracer: seq=175 t=+332ms [Thread] run enter com.oplus.ota.query.h
09-24 21:23:10.260  6960 10108 D OplusOtaTracer: seq=148 t=+644ms [AppLog] i tag=SauUpdateAgent msg=com.oplus.ota, aarVersion=4001
09-24 21:23:10.295  9950 10112 D OplusOtaTracer: seq=176 t=+380ms [Thread] execute class=com.android.okhttp.ConnectionPool$1 ours=false
09-24 21:23:10.295  9950 10112 D OplusOtaTracer: seq=177 t=+381ms [Thread] start name=OkHttp ConnectionPool class=java.lang.Thread ours=false
09-24 21:23:10.307  6960 10039 D OplusOtaTracer: seq=149 t=+691ms [Thread] execute class=com.android.org.conscrypt.metrics.StatsLogImpl$2 ours=false
09-24 21:23:10.307  6960 10039 D OplusOtaTracer: seq=150 t=+691ms [Thread] start name=ConscryptStatsLog class=java.lang.Thread ours=false
09-24 21:23:10.307  6960 10039 D OplusOtaTracer: seq=151 t=+691ms [Thread] execute class=l1.a ours=true
09-24 21:23:10.308  6960 10039 D OplusOtaTracer: seq=152 t=+692ms [Thread] hooked run overloads=1 on l1.a
09-24 21:23:10.308  6960 10039 D OplusOtaTracer: seq=153 t=+692ms [Thread] start name=OkHttp TaskRunner class=java.lang.Thread ours=false
09-24 21:23:10.308  6960 10122 D OplusOtaTracer: seq=154 t=+692ms [Thread] run enter l1.a
09-24 21:23:10.309  6960 10039 D OplusOtaTracer: seq=155 t=+693ms [Thread] start name=Okio Watchdog class=okio.AsyncTimeout$Watchdog ours=false
09-24 21:23:10.350  9950 10044 D OplusOtaTracer: seq=178 t=+436ms [Thread] execute class=com.android.org.conscrypt.metrics.StatsLogImpl$2 ours=false
09-24 21:23:10.350  9950 10044 D OplusOtaTracer: seq=179 t=+436ms [Thread] start name=ConscryptStatsLog class=java.lang.Thread ours=false
09-24 21:23:10.350  9950 10044 D OplusOtaTracer: seq=180 t=+436ms [Thread] execute class=l1.a ours=true
09-24 21:23:10.351  9950 10044 D OplusOtaTracer: seq=181 t=+437ms [Thread] hooked run overloads=1 on l1.a
09-24 21:23:10.351  9950 10044 D OplusOtaTracer: seq=182 t=+437ms [Thread] start name=OkHttp TaskRunner class=java.lang.Thread ours=false
09-24 21:23:10.352  9950 10125 D OplusOtaTracer: seq=183 t=+438ms [Thread] run enter l1.a
09-24 21:23:10.352  9950 10044 D OplusOtaTracer: seq=184 t=+438ms [Thread] start name=Okio Watchdog class=okio.AsyncTimeout$Watchdog ours=false
09-24 21:23:10.382  9950 10112 D OplusOtaTracer: seq=185 t=+468ms [Thread] execute class=com.android.org.conscrypt.metrics.StatsLogImpl$2 ours=false
09-24 21:23:10.401  6960 10039 D OplusOtaTracer: seq=156 t=+785ms [Thread] execute class=java.util.concurrent.FutureTask ours=false
09-24 21:23:10.401  6960 10039 D OplusOtaTracer: seq=157 t=+785ms [Thread] start name=pool-4-thread-2 class=java.lang.Thread ours=false
09-24 21:23:10.406  6960 10128 D OplusOtaTracer: seq=158 t=+790ms [Parse] isParseSuccess enter arg[0]=com.allawn.cryptography.teesdk.ResultParser$ResultSummary arg[1]=com.allawn.cryptography.teesdk.type.CryptoEngCmdType
09-24 21:23:10.406  6960 10128 D OplusOtaTracer: seq=159 t=+790ms [Parse] isParseSuccess return Boolean(true) type=java.lang.Boolean isNull=false
09-24 21:23:10.406  6960 10039 D OplusOtaTracer: seq=160 t=+790ms [Thread] execute class=java.util.concurrent.FutureTask ours=false
09-24 21:23:10.410  6960 10128 D OplusOtaTracer: seq=161 t=+794ms [Parse] isParseSuccess enter arg[0]=com.allawn.cryptography.teesdk.ResultParser$ResultSummary arg[1]=com.allawn.cryptography.teesdk.type.CryptoEngCmdType
09-24 21:23:10.410  6960 10128 D OplusOtaTracer: seq=162 t=+794ms [Parse] isParseSuccess return Boolean(true) type=java.lang.Boolean isNull=false
09-24 21:23:10.437  9950  9950 D OplusOtaTracer: seq=186 t=+523ms [Thread] start name=OtaPushService class=android.os.HandlerThread ours=false
09-24 21:23:10.438  9950  9950 D OplusOtaTracer: seq=187 t=+524ms [AppLog] d tag=mcssdk--- msg=MCS-->OnHandleIntent-message:CommandMessage{, mRegisterID='null', mSdkVersion='null', mCommand=12289, mContent='OnePlus_CN_6f83dac27cc8b38452b1def193698fa1', mResponseCode=0}
09-24 21:23:10.442  9950 10104 D OplusOtaTracer: seq=188 t=+528ms [Thread] run enter a8.h0
09-24 21:23:10.442  9950  9950 D OplusOtaTracer: seq=189 t=+528ms [Thread] start name=report_register_id class=java.lang.Thread ours=false
09-24 21:23:10.442  9950 10104 D OplusOtaTracer: seq=190 t=+528ms [Thread] run exit a8.h0
09-24 21:23:10.444  9950 10061 D OplusOtaTracer: seq=191 t=+530ms [Thread] execute class=androidx.lifecycle.a1 ours=false
09-24 21:23:10.448  9950 10044 D OplusOtaTracer: seq=192 t=+534ms [Thread] execute class=java.util.concurrent.FutureTask ours=false
09-24 21:23:10.448  9950 10044 D OplusOtaTracer: seq=193 t=+534ms [Thread] start name=pool-5-thread-2 class=java.lang.Thread ours=false
09-24 21:23:10.452  9950 10131 D OplusOtaTracer: seq=194 t=+538ms [Parse] isParseSuccess enter arg[0]=com.allawn.cryptography.teesdk.ResultParser$ResultSummary arg[1]=com.allawn.cryptography.teesdk.type.CryptoEngCmdType
09-24 21:23:10.452  9950 10131 D OplusOtaTracer: seq=195 t=+538ms [Parse] isParseSuccess return Boolean(true) type=java.lang.Boolean isNull=false
09-24 21:23:10.452  9950 10044 D OplusOtaTracer: seq=196 t=+538ms [Thread] execute class=java.util.concurrent.FutureTask ours=false
09-24 21:23:10.457  9950 10131 D OplusOtaTracer: seq=197 t=+543ms [Parse] isParseSuccess enter arg[0]=com.allawn.cryptography.teesdk.ResultParser$ResultSummary arg[1]=com.allawn.cryptography.teesdk.type.CryptoEngCmdType
09-24 21:23:10.457  9950 10131 D OplusOtaTracer: seq=198 t=+543ms [Parse] isParseSuccess return Boolean(true) type=java.lang.Boolean isNull=false
09-24 21:23:10.465  9950 10112 D OplusOtaTracer: seq=199 t=+551ms [Thread] run exit s7.b
09-24 21:23:10.481  9950 10105 D OplusOtaTracer: seq=200 t=+567ms [KeyStore] generateKey enter
09-24 21:23:10.481  9950 10105 D OplusOtaTracer: seq=201 t=+567ms [KeyStore] generateKey result Key class=javax.crypto.spec.SecretKeySpec algorithm=AES format=RAW encodedLen=32
09-24 21:23:10.481  9950 10105 D OplusOtaTracer: seq=202 t=+567ms [KeyStore] (part0) generateKey result site stack:
09-24 21:23:10.481  9950 10105 D OplusOtaTracer:     at ZXtqvLzSizvAgQNOJgN.sF.XC_MethodHook.callAfterHookedMethod(r8-map-id-efedc8ef6b9cd7d537819847e799f758499ba1eef7352b6bb5ce6846c9bf2c4f:1)
09-24 21:23:10.481  9950 10105 D OplusOtaTracer:     at s.intercept(r8-map-id-efedc8ef6b9cd7d537819847e799f758499ba1eef7352b6bb5ce6846c9bf2c4f:103)
09-24 21:23:10.481  9950 10105 D OplusOtaTracer:     at l.proceed(r8-map-id-efedc8ef6b9cd7d537819847e799f758499ba1eef7352b6bb5ce6846c9bf2c4f:35)
09-24 21:23:10.481  9950 10105 D OplusOtaTracer:     at android.provider.Fonteep.generateKey(Fonteep.java)
09-24 21:23:10.481  9950 10105 D OplusOtaTracer:     at com.allawn.cryptography.util.KeyUtil.generateAesKey(SourceFile:4)
09-24 21:23:10.481  9950 10105 D OplusOtaTracer:     at com.allawn.cryptography.digitalenvelope.RsaDigitalEnvelopeUtil.generateEncryptKey(Unknown Source:4)
09-24 21:23:10.481  9950 10105 D OplusOtaTracer:     at com.allawn.cryptography.digitalenvelope.RsaDigitalEnvelopeUtil.createAndSaveSceneData(Unknown Source:24)
09-24 21:23:10.481  9950 10105 D OplusOtaTracer:     at com.allawn.cryptography.digitalenvelope.RsaDigitalEnvelopeFunction.createAndSaveSceneData(Unknown Source:8)
09-24 21:23:10.481  9950 10105 D OplusOtaTracer:     at com.allawn.cryptography.digitalenvelope.RsaDigitalEnvelopeFunction.encrypt(Unknown Source:10)
09-24 21:23:10.481  9950 10105 D OplusOtaTracer:     at com.allawn.cryptography.Session.encrypt(SourceFile:5)
09-24 21:23:10.481  9950 10105 D OplusOtaTracer: seq=203 t=+567ms [Thread] execute class=java.util.concurrent.FutureTask ours=false
09-24 21:23:10.505  9950 10044 D OplusOtaTracer: seq=204 t=+591ms [Thread] execute class=android.app.SharedPreferencesImpl$$ExternalSyntheticLambda0 ours=false
09-24 21:23:10.579  9950 10105 D OplusOtaTracer: seq=205 t=+665ms [Thread] execute class=com.android.org.conscrypt.metrics.StatsLogImpl$2 ours=false
09-24 21:23:10.580  9950 10125 D OplusOtaTracer: seq=206 t=+666ms [Thread] execute class=l1.a ours=true
09-24 21:23:10.580  9950 10125 D OplusOtaTracer: seq=207 t=+666ms [Thread] start name=OkHttp TaskRunner class=java.lang.Thread ours=false
09-24 21:23:10.580  9950 10155 D OplusOtaTracer: seq=208 t=+666ms [Thread] run enter l1.a
09-24 21:23:10.580  9950 10155 D OplusOtaTracer: seq=209 t=+666ms [Thread] run exit l1.a
09-24 21:23:10.676  9950 10125 D OplusOtaTracer: seq=210 t=+762ms [Thread] execute class=l1.a ours=true
09-24 21:23:10.676  9950 10155 D OplusOtaTracer: seq=211 t=+762ms [Thread] run enter l1.a
09-24 21:23:10.676  9950 10155 D OplusOtaTracer: seq=212 t=+762ms [Thread] run exit l1.a
09-24 21:23:10.677  9950 10119 D OplusOtaTracer: seq=213 t=+763ms [Attest] isSupportAttestation enter arg[0]=Integer(0)
09-24 21:23:10.677  9950 10119 D OplusOtaTracer: seq=214 t=+763ms [Attest] (part0) isSupportAttestation caller stack:
09-24 21:23:10.677  9950 10119 D OplusOtaTracer:     at ZXtqvLzSizvAgQNOJgN.sF.XC_MethodHook.callBeforeHookedMethod(r8-map-id-efedc8ef6b9cd7d537819847e799f758499ba1eef7352b6bb5ce6846c9bf2c4f:1)
09-24 21:23:10.677  9950 10119 D OplusOtaTracer:     at s.intercept(r8-map-id-efedc8ef6b9cd7d537819847e799f758499ba1eef7352b6bb5ce6846c9bf2c4f:36)
09-24 21:23:10.677  9950 10119 D OplusOtaTracer:     at l.proceed(r8-map-id-efedc8ef6b9cd7d537819847e799f758499ba1eef7352b6bb5ce6846c9bf2c4f:35)
09-24 21:23:10.677  9950 10119 D OplusOtaTracer:     at android.provider.Fonteep.isSupportAttestation(Fonteep.java)
09-24 21:23:10.677  9950 10119 D OplusOtaTracer:     at n5.h.I1(Unknown Source:5)
09-24 21:23:10.677  9950 10119 D OplusOtaTracer:     at com.oplus.ota.query.i.A(Unknown Source:115)
09-24 21:23:10.677  9950 10119 D OplusOtaTracer:     at com.oplus.ota.query.h.run(Unknown Source:495)
09-24 21:23:10.677  9950 10119 D OplusOtaTracer:     at java.util.concurrent.ThreadPoolExecutor.runWorker(ThreadPoolExecutor.java:1156)
09-24 21:23:10.677  9950 10119 D OplusOtaTracer:     at java.util.concurrent.ThreadPoolExecutor$Worker.run(ThreadPoolExecutor.java:651)
09-24 21:23:10.677  9950 10119 D OplusOtaTracer:     at java.lang.Thread.run(Thread.java:1119)
09-24 21:23:10.682  9950 10119 D OplusOtaTracer: seq=215 t=+768ms [Attest] isSupportAttestation return Boolean(true) type=java.lang.Boolean isNull=false
09-24 21:23:10.684  9950 10104 D OplusOtaTracer: seq=216 t=+770ms [Thread] run enter a8.h0
09-24 21:23:10.684  9950 10104 D OplusOtaTracer: seq=217 t=+770ms [Thread] run exit a8.h0
09-24 21:23:10.733  6960 10108 D OplusOtaTracer: seq=163 t=+1117ms [AppLog] i tag=SauUpdateAgent msg=request pkg com.oplus.ota, flag=0
09-24 21:23:10.782  9950 10125 D OplusOtaTracer: seq=218 t=+868ms [Thread] execute class=l1.a ours=true
09-24 21:23:10.782  9950 10155 D OplusOtaTracer: seq=219 t=+868ms [Thread] run enter l1.a
09-24 21:23:10.782  9950 10155 D OplusOtaTracer: seq=220 t=+868ms [Thread] run exit l1.a
09-24 21:23:10.880  9950 10119 D OplusOtaTracer: seq=221 t=+966ms [Prefs] getInt key=gka_req_download value=2
09-24 21:23:10.880  9950 10119 D OplusOtaTracer: seq=222 t=+966ms [Prefs] (part0) getInt site stack:
09-24 21:23:10.880  9950 10119 D OplusOtaTracer:     at ZXtqvLzSizvAgQNOJgN.sF.XC_MethodHook.callAfterHookedMethod(r8-map-id-efedc8ef6b9cd7d537819847e799f758499ba1eef7352b6bb5ce6846c9bf2c4f:1)
09-24 21:23:10.880  9950 10119 D OplusOtaTracer:     at s.intercept(r8-map-id-efedc8ef6b9cd7d537819847e799f758499ba1eef7352b6bb5ce6846c9bf2c4f:103)
09-24 21:23:10.880  9950 10119 D OplusOtaTracer:     at l.proceed(r8-map-id-efedc8ef6b9cd7d537819847e799f758499ba1eef7352b6bb5ce6846c9bf2c4f:35)
09-24 21:23:10.880  9950 10119 D OplusOtaTracer:     at android.provider.Fonteep.getInt(Fonteep.java)
09-24 21:23:10.880  9950 10119 D OplusOtaTracer:     at x6.a.l(Unknown Source:33)
09-24 21:23:10.880  9950 10119 D OplusOtaTracer:     at x6.a.e(Unknown Source:4)
09-24 21:23:10.880  9950 10119 D OplusOtaTracer:     at androidx.fragment.app.h0.c0(Unknown Source:5)
09-24 21:23:10.880  9950 10119 D OplusOtaTracer:     at androidx.fragment.app.h0.U(Unknown Source:2260)
09-24 21:23:10.880  9950 10119 D OplusOtaTracer: seq=223 t=+966ms [AppLog] e tag=OTAApplication msg=ResponseParser current gakReqSpValue is: 2 and number is: 4
09-24 21:23:10.919  9950 10119 D OplusOtaTracer: seq=224 t=+1005ms [Prefs] getInt key=gka_req_download value=2
09-24 21:23:10.920  9950 10119 D OplusOtaTracer: seq=225 t=+1006ms [Prefs] (part0) getInt site stack:
09-24 21:23:10.920  9950 10119 D OplusOtaTracer:     at ZXtqvLzSizvAgQNOJgN.sF.XC_MethodHook.callAfterHookedMethod(r8-map-id-efedc8ef6b9cd7d537819847e799f758499ba1eef7352b6bb5ce6846c9bf2c4f:1)
09-24 21:23:10.920  9950 10119 D OplusOtaTracer:     at s.intercept(r8-map-id-efedc8ef6b9cd7d537819847e799f758499ba1eef7352b6bb5ce6846c9bf2c4f:103)
09-24 21:23:10.920  9950 10119 D OplusOtaTracer:     at l.proceed(r8-map-id-efedc8ef6b9cd7d537819847e799f758499ba1eef7352b6bb5ce6846c9bf2c4f:35)
09-24 21:23:10.920  9950 10119 D OplusOtaTracer:     at android.provider.Fonteep.getInt(Fonteep.java)
09-24 21:23:10.920  9950 10119 D OplusOtaTracer:     at x6.a.l(Unknown Source:33)
09-24 21:23:10.920  9950 10119 D OplusOtaTracer:     at x6.a.e(Unknown Source:4)
09-24 21:23:10.920  9950 10119 D OplusOtaTracer:     at androidx.fragment.app.h0.c0(Unknown Source:5)
09-24 21:23:10.920  9950 10119 D OplusOtaTracer:     at androidx.fragment.app.h0.U(Unknown Source:2938)
09-24 21:23:10.920  9950 10119 D OplusOtaTracer: seq=226 t=+1006ms [AppLog] e tag=OTAApplication msg=ResponseParser current gakReqSpValue is: 2 and number is: 1
09-24 21:23:10.931  9950 10104 D OplusOtaTracer: seq=227 t=+1017ms [Thread] run enter a8.h0
09-24 21:23:10.932  9950 10104 D OplusOtaTracer: seq=228 t=+1017ms [Thread] run exit a8.h0
09-24 21:23:10.932  9950 10061 D OplusOtaTracer: seq=229 t=+1018ms [Thread] execute class=com.oplus.ota.query.d ours=true
09-24 21:23:10.934  9950 10061 D OplusOtaTracer: seq=230 t=+1020ms [Thread] hooked run overloads=1 on com.oplus.ota.query.d
09-24 21:23:10.937  9950 10061 D OplusOtaTracer: seq=231 t=+1023ms [Thread] start name=Thread-12 class=java.lang.Thread ours=false
09-24 21:23:10.976  9950 10061 D OplusOtaTracer: seq=232 t=+1062ms [AppLog] e tag=CryptoengManager msg=commonGetResult: Cryptoeng Service return fail
09-24 21:23:11.002  9950 10125 D OplusOtaTracer: seq=233 t=+1088ms [Thread] execute class=l1.a ours=true
09-24 21:23:11.002  9950 10155 D OplusOtaTracer: seq=234 t=+1088ms [Thread] run enter l1.a
09-24 21:23:11.002  9950 10155 D OplusOtaTracer: seq=235 t=+1088ms [Thread] run exit l1.a
09-24 21:23:11.020  6960  6960 D OplusOtaTracer: seq=164 t=+1404ms [Thread] start name=SharedPreferencesImpl-load class=android.app.SharedPreferencesImpl$1 ours=false
09-24 21:23:11.021  6960  6960 D OplusOtaTracer: seq=165 t=+1405ms [Thread] execute class=WV.jp2 ours=true
09-24 21:23:11.022  6960  6960 D OplusOtaTracer: seq=166 t=+1406ms [Thread] hooked run overloads=1 on WV.jp2
09-24 21:23:11.022  6960  6960 D OplusOtaTracer: seq=167 t=+1406ms [Thread] start name=CrAsyncTask #1 class=java.lang.Thread ours=false
09-24 21:23:11.022  6960 10189 D OplusOtaTracer: seq=168 t=+1406ms [Thread] run enter WV.jp2
09-24 21:23:11.023  6960  6960 D OplusOtaTracer: seq=169 t=+1407ms [Thread] execute class=WV.jp2 ours=true
09-24 21:23:11.023  6960  6960 D OplusOtaTracer: seq=170 t=+1407ms [Thread] start name=CrAsyncTask #2 class=java.lang.Thread ours=false
09-24 21:23:11.023  6960 10189 D OplusOtaTracer: seq=171 t=+1407ms [Thread] run exit WV.jp2
09-24 21:23:11.023  6960 10190 D OplusOtaTracer: seq=172 t=+1407ms [Thread] run enter WV.jp2
09-24 21:23:11.023  6960 10190 D OplusOtaTracer: seq=173 t=+1407ms [Thread] run exit WV.jp2
09-24 21:23:11.027  6960  6960 D OplusOtaTracer: seq=174 t=+1411ms [Thread] execute class=WV.jp2 ours=true
09-24 21:23:11.027  6960  6960 D OplusOtaTracer: seq=175 t=+1411ms [Thread] start name=CrAsyncTask #3 class=java.lang.Thread ours=false
09-24 21:23:11.027  6960 10191 D OplusOtaTracer: seq=176 t=+1411ms [Thread] run enter WV.jp2
09-24 21:23:11.029  6960 10191 D OplusOtaTracer: seq=177 t=+1413ms [Thread] run exit WV.jp2
09-24 21:23:11.030  6960  6960 D OplusOtaTracer: seq=178 t=+1414ms [Thread] execute class=WV.jp2 ours=true
09-24 21:23:11.030  6960  6960 D OplusOtaTracer: seq=179 t=+1414ms [Thread] start name=CrAsyncTask #4 class=java.lang.Thread ours=false
09-24 21:23:11.030  6960 10192 D OplusOtaTracer: seq=180 t=+1414ms [Thread] run enter WV.jp2
09-24 21:23:11.031  6960 10192 D OplusOtaTracer: seq=181 t=+1415ms [Thread] run exit WV.jp2
09-24 21:23:11.042  6960  6960 D OplusOtaTracer: seq=182 t=+1426ms [Thread] start name=Chrome_ProcessLauncherThread class=android.os.HandlerThread ours=false
09-24 21:23:11.043  6960  6960 D OplusOtaTracer: seq=183 t=+1427ms [Thread] execute class=WV.jp2 ours=true
09-24 21:23:11.043  6960  6960 D OplusOtaTracer: seq=184 t=+1427ms [Thread] execute class=WV.jp2 ours=true
09-24 21:23:11.043  6960 10189 D OplusOtaTracer: seq=185 t=+1427ms [Thread] run enter WV.jp2
09-24 21:23:11.043  6960 10190 D OplusOtaTracer: seq=186 t=+1427ms [Thread] run enter WV.jp2
09-24 21:23:11.043  6960  6960 D OplusOtaTracer: seq=187 t=+1427ms [Thread] start name=SharedPreferencesImpl-load class=android.app.SharedPreferencesImpl$1 ours=false
09-24 21:23:11.043  6960 10189 D OplusOtaTracer: seq=188 t=+1427ms [Thread] run exit WV.jp2
09-24 21:23:11.044  6960 10190 D OplusOtaTracer: seq=189 t=+1428ms [Thread] run exit WV.jp2
09-24 21:23:11.075  6960 10214 D OplusOtaTracer: seq=190 t=+1459ms [Thread] start name=CleanupReference class=WV.nw ours=true
09-24 21:23:11.076  6960 10214 D OplusOtaTracer: seq=191 t=+1460ms [Thread] hooked run overloads=1 on WV.nw
09-24 21:23:11.076  6960 10234 D OplusOtaTracer: seq=192 t=+1460ms [Thread] run enter WV.nw
09-24 21:23:11.077  6960 10214 D OplusOtaTracer: seq=193 t=+1461ms [Thread] start name=GoogleApiHandler class=android.os.HandlerThread ours=false
09-24 21:23:11.084  6960  6960 D OplusOtaTracer: seq=194 t=+1468ms [Thread] start name=SharedPreferencesImpl-load class=android.app.SharedPreferencesImpl$1 ours=false
09-24 21:23:11.129  9950 10061 D OplusOtaTracer: seq=236 t=+1215ms [Thread] start name=pool-8-thread-1 class=java.lang.Thread ours=false
09-24 21:23:11.130  9950 10104 D OplusOtaTracer: seq=237 t=+1216ms [Thread] run enter a8.h0
09-24 21:23:11.131  9950 10104 D OplusOtaTracer: seq=238 t=+1217ms [Thread] run exit a8.h0
09-24 21:23:11.132  9950 10119 D OplusOtaTracer: seq=239 t=+1218ms [Thread] run exit com.oplus.ota.query.h
09-24 21:23:11.135  9950  9950 D OplusOtaTracer: seq=240 t=+1221ms [Thread] execute class=androidx.lifecycle.a1 ours=false
09-24 21:23:11.135  9950  9950 D OplusOtaTracer: seq=241 t=+1221ms [Thread] start name=pool-9-thread-1 class=java.lang.Thread ours=false
09-24 21:23:11.141  6960  6960 D OplusOtaTracer: seq=195 t=+1525ms [Thread] start name=JavaBridge class=android.os.HandlerThread ours=false
09-24 21:23:11.143  6960 10230 D OplusOtaTracer: seq=196 t=+1527ms [Thread] start name=AudioPortEventHandler class=android.os.HandlerThread ours=false
09-24 21:23:11.147  6960  6960 D OplusOtaTracer: seq=197 t=+1531ms [Thread] execute class=com.oplus.anim.m ours=false
09-24 21:23:11.156  6960 10267 D OplusOtaTracer: seq=198 t=+1540ms [Thread] start name=CameraAvailabilityObserver_ObservationThread class=android.os.HandlerThread ours=false
09-24 21:23:11.205  9950 10125 D OplusOtaTracer: seq=242 t=+1290ms [Thread] execute class=l1.a ours=true
09-24 21:23:11.208  9950 10155 D OplusOtaTracer: seq=243 t=+1293ms [Thread] run enter l1.a
09-24 21:23:11.208  9950 10155 D OplusOtaTracer: seq=245 t=+1294ms [Thread] run exit l1.a
09-24 21:23:11.208  9950 10119 D OplusOtaTracer: seq=244 t=+1294ms [Thread] run enter com.oplus.ota.query.d
09-24 21:23:11.279  6960  6960 D OplusOtaTracer: seq=199 t=+1663ms [Thread] execute class=com.oplus.anim.m ours=false
09-24 21:23:11.283  9950 10125 D OplusOtaTracer: seq=246 t=+1369ms [Thread] execute class=l1.a ours=true
09-24 21:23:11.283  9950 10155 D OplusOtaTracer: seq=247 t=+1369ms [Thread] run enter l1.a
09-24 21:23:11.283  9950 10155 D OplusOtaTracer: seq=248 t=+1369ms [Thread] run exit l1.a
09-24 21:23:11.284  9950 10119 D OplusOtaTracer: seq=249 t=+1370ms [Thread] run exit com.oplus.ota.query.d
09-24 21:23:11.671  6960 10213 D OplusOtaTracer: seq=200 t=+2055ms [Thread] execute class=android.app.SharedPreferencesImpl$$ExternalSyntheticLambda0 ours=false
09-24 21:23:12.626  6960  6960 D OplusOtaTracer: seq=201 t=+3010ms [Thread] start name=Thread-7 class=java.lang.Thread ours=false
09-24 21:23:12.627  6960  6960 D OplusOtaTracer: seq=202 t=+3011ms [Thread] start name=FamilyGuard_Thread_Manager class=android.os.HandlerThread ours=false
09-24 21:23:12.637  6960  6960 D OplusOtaTracer: seq=203 t=+3021ms [Thread] start name=OtaTracer-kwscan class=java.lang.Thread ours=false
09-24 21:23:12.673  6960 10376 D OplusOtaTracer: seq=204 t=+3057ms [Hunter] candidate load failed com.google.crypto.tink.subtle.EllipticCurves (ClassNotFoundException)
09-24 21:23:12.716  6960 10212 D OplusOtaTracer: seq=205 t=+3100ms [Thread] start name=SensorsHandlerThread class=android.os.HandlerThread ours=false
09-24 21:23:12.737  6960 10376 D OplusOtaTracer: seq=206 t=+3121ms [Hunter] hit rule=SignVerifyUtils class=com.oplus.ota.downloader.util.SignVerifyUtils$ByteArrayComparator via=keyword
09-24 21:23:12.737  6960 10376 D OplusOtaTracer: seq=207 t=+3121ms [SignVerify] attach class=com.oplus.ota.downloader.util.SignVerifyUtils$ByteArrayComparator
09-24 21:23:12.738  6960 10376 D OplusOtaTracer: seq=208 t=+3122ms [SignVerify] no method named getGkaReqDownloadType on com.oplus.ota.downloader.util.SignVerifyUtils$ByteArrayComparator
09-24 21:23:12.738  6960 10376 D OplusOtaTracer: seq=209 t=+3122ms [SignVerify] no method named ecdsaSignPki on com.oplus.ota.downloader.util.SignVerifyUtils$ByteArrayComparator
09-24 21:23:12.738  6960 10376 D OplusOtaTracer: seq=210 t=+3122ms [SignVerify] no method named ecdsaSign on com.oplus.ota.downloader.util.SignVerifyUtils$ByteArrayComparator
09-24 21:23:12.738  6960 10376 D OplusOtaTracer: seq=211 t=+3122ms [SignVerify] no method named signPki on com.oplus.ota.downloader.util.SignVerifyUtils$ByteArrayComparator
09-24 21:23:12.738  6960 10376 D OplusOtaTracer: seq=212 t=+3122ms [SignVerify] no target method on com.oplus.ota.downloader.util.SignVerifyUtils$ByteArrayComparator - keeping the deep scan armed
09-24 21:23:12.738  6960 10376 D OplusOtaTracer: seq=213 t=+3122ms [Hunter] candidate load failed com.oplus.ota.downloader.util.SignVerifyUtils (ClassNotFoundException)
09-24 21:23:12.756  6960 10376 D OplusOtaTracer: seq=214 t=+3140ms [Hunter] keyword scan done scanned=8379 candidates=6
09-24 21:23:12.933  9950  9950 D OplusOtaTracer: seq=250 t=+3019ms [Thread] start name=OtaTracer-kwscan class=java.lang.Thread ours=false
09-24 21:23:12.961  9950 10387 D OplusOtaTracer: seq=251 t=+3047ms [Hunter] candidate load failed com.google.crypto.tink.subtle.EllipticCurves (ClassNotFoundException)
09-24 21:23:13.024  9950 10387 D OplusOtaTracer: seq=252 t=+3110ms [Hunter] hit rule=SignVerifyUtils class=com.oplus.ota.downloader.util.SignVerifyUtils$ByteArrayComparator via=keyword
09-24 21:23:13.024  9950 10387 D OplusOtaTracer: seq=253 t=+3110ms [SignVerify] attach class=com.oplus.ota.downloader.util.SignVerifyUtils$ByteArrayComparator
09-24 21:23:13.024  9950 10387 D OplusOtaTracer: seq=254 t=+3110ms [SignVerify] no method named getGkaReqDownloadType on com.oplus.ota.downloader.util.SignVerifyUtils$ByteArrayComparator
09-24 21:23:13.024  9950 10387 D OplusOtaTracer: seq=255 t=+3110ms [SignVerify] no method named ecdsaSignPki on com.oplus.ota.downloader.util.SignVerifyUtils$ByteArrayComparator
09-24 21:23:13.025  9950 10387 D OplusOtaTracer: seq=256 t=+3110ms [SignVerify] no method named ecdsaSign on com.oplus.ota.downloader.util.SignVerifyUtils$ByteArrayComparator
09-24 21:23:13.025  9950 10387 D OplusOtaTracer: seq=257 t=+3111ms [SignVerify] no method named signPki on com.oplus.ota.downloader.util.SignVerifyUtils$ByteArrayComparator
09-24 21:23:13.025  9950 10387 D OplusOtaTracer: seq=258 t=+3111ms [SignVerify] no target method on com.oplus.ota.downloader.util.SignVerifyUtils$ByteArrayComparator - keeping the deep scan armed
09-24 21:23:13.025  9950 10387 D OplusOtaTracer: seq=259 t=+3111ms [Hunter] candidate load failed com.oplus.ota.downloader.util.SignVerifyUtils (ClassNotFoundException)
09-24 21:23:13.043  9950 10387 D OplusOtaTracer: seq=260 t=+3129ms [Hunter] keyword scan done scanned=8379 candidates=6
09-24 21:23:13.135  6960  6960 D OplusOtaTracer: seq=215 t=+3519ms [Thread] start name=setFrameInterval class=java.lang.Thread ours=false
09-24 21:23:13.207  6960  6960 D OplusOtaTracer: seq=216 t=+3591ms [Thread] start name=Thread-8 class=java.lang.Thread ours=false
09-24 21:23:13.623  6960  6960 D OplusOtaTracer: seq=217 t=+4006ms [Thread] start name=OtaTracer-cryptoeng class=java.lang.Thread ours=false
09-24 21:23:13.666  6960 10405 D OplusOtaTracer: seq=218 t=+4050ms [Attest] cryptoeng candidate com.allawn.cryptography.teesdk.CryptoEngCmd
09-24 21:23:13.667  6960 10405 D OplusOtaTracer: seq=219 t=+4051ms [Attest] hooked exportCertificates overloads=1 on com.allawn.cryptography.teesdk.CryptoEngCmd
09-24 21:23:13.668  6960 10405 D OplusOtaTracer: seq=220 t=+4052ms [Attest] hooked getPKICertStatus overloads=1 on com.allawn.cryptography.teesdk.CryptoEngCmd
09-24 21:23:13.668  6960 10405 D OplusOtaTracer: seq=221 t=+4052ms [Attest] hooked getPKIGroupCertStatus overloads=1 on com.allawn.cryptography.teesdk.CryptoEngCmd
09-24 21:23:13.669  6960 10405 D OplusOtaTracer: seq=222 t=+4053ms [Attest] hooked isOs15 overloads=1 on com.allawn.cryptography.teesdk.CryptoEngCmd
09-24 21:23:13.669  6960 10405 D OplusOtaTracer: seq=223 t=+4053ms [Attest] hooked pkiCertVerify overloads=1 on com.allawn.cryptography.teesdk.CryptoEngCmd
09-24 21:23:13.670  6960 10405 D OplusOtaTracer: seq=224 t=+4054ms [Attest] hooked pkiCommonAsk overloads=1 on com.allawn.cryptography.teesdk.CryptoEngCmd
09-24 21:23:13.670  6960 10405 D OplusOtaTracer: seq=225 t=+4054ms [Attest] hooked pkiEcies overloads=1 on com.allawn.cryptography.teesdk.CryptoEngCmd
09-24 21:23:13.675  6960 10405 D OplusOtaTracer: seq=226 t=+4059ms [Attest] hooked pkiExportCert overloads=1 on com.allawn.cryptography.teesdk.CryptoEngCmd
09-24 21:23:13.679  6960 10405 D OplusOtaTracer: seq=227 t=+4063ms [Attest] hooked pkiExportGroupDeviceCert overloads=1 on com.allawn.cryptography.teesdk.CryptoEngCmd
09-24 21:23:13.680  6960 10405 D OplusOtaTracer: seq=228 t=+4064ms [Attest] hooked pkiHkdf overloads=1 on com.allawn.cryptography.teesdk.CryptoEngCmd
09-24 21:23:13.680  6960 10405 D OplusOtaTracer: seq=229 t=+4064ms [Attest] cryptoeng candidate com.allawn.cryptography.teesdk.type.CryptoEngCmdType
09-24 21:23:13.680  6960 10405 D OplusOtaTracer: seq=230 t=+4064ms [Attest] hooked get overloads=1 on com.allawn.cryptography.teesdk.type.CryptoEngCmdType
09-24 21:23:13.681  6960 10405 D OplusOtaTracer: seq=231 t=+4065ms [Attest] hooked valueOf overloads=1 on com.allawn.cryptography.teesdk.type.CryptoEngCmdType
09-24 21:23:13.682  6960 10405 D OplusOtaTracer: seq=232 t=+4066ms [Attest] hooked values overloads=1 on com.allawn.cryptography.teesdk.type.CryptoEngCmdType
09-24 21:23:13.682  6960 10405 D OplusOtaTracer: seq=233 t=+4066ms [Attest] hooked getCode overloads=1 on com.allawn.cryptography.teesdk.type.CryptoEngCmdType
09-24 21:23:13.726  6960 10405 D OplusOtaTracer: seq=234 t=+4110ms [Attest] cryptoeng candidate com.allawn.cryptography.teesdk.CryptoEngCmd
09-24 21:23:13.726  6960 10405 D OplusOtaTracer: seq=235 t=+4110ms [Attest] hooked exportCertificates overloads=1 on com.allawn.cryptography.teesdk.CryptoEngCmd
09-24 21:23:13.726  6960 10405 D OplusOtaTracer: seq=236 t=+4110ms [Attest] hooked getPKICertStatus overloads=1 on com.allawn.cryptography.teesdk.CryptoEngCmd
09-24 21:23:13.726  6960 10405 D OplusOtaTracer: seq=237 t=+4110ms [Attest] hooked getPKIGroupCertStatus overloads=1 on com.allawn.cryptography.teesdk.CryptoEngCmd
09-24 21:23:13.726  6960 10405 D OplusOtaTracer: seq=238 t=+4110ms [Attest] hooked isOs15 overloads=1 on com.allawn.cryptography.teesdk.CryptoEngCmd
09-24 21:23:13.726  6960 10405 D OplusOtaTracer: seq=239 t=+4110ms [Attest] hooked pkiCertVerify overloads=1 on com.allawn.cryptography.teesdk.CryptoEngCmd
09-24 21:23:13.727  6960 10405 D OplusOtaTracer: seq=240 t=+4111ms [Attest] hooked pkiCommonAsk overloads=1 on com.allawn.cryptography.teesdk.CryptoEngCmd
09-24 21:23:13.727  6960 10405 D OplusOtaTracer: seq=241 t=+4111ms [Attest] hooked pkiEcies overloads=1 on com.allawn.cryptography.teesdk.CryptoEngCmd
09-24 21:23:13.727  6960 10405 D OplusOtaTracer: seq=242 t=+4111ms [Attest] hooked pkiExportCert overloads=1 on com.allawn.cryptography.teesdk.CryptoEngCmd
09-24 21:23:13.727  6960 10405 D OplusOtaTracer: seq=243 t=+4111ms [Attest] hooked pkiExportGroupDeviceCert overloads=1 on com.allawn.cryptography.teesdk.CryptoEngCmd
09-24 21:23:13.727  6960 10405 D OplusOtaTracer: seq=244 t=+4111ms [Attest] hooked pkiHkdf overloads=1 on com.allawn.cryptography.teesdk.CryptoEngCmd
09-24 21:23:13.727  6960 10405 D OplusOtaTracer: seq=245 t=+4111ms [Attest] cryptoeng candidate com.allawn.cryptography.teesdk.type.CryptoEngCmdType
09-24 21:23:13.727  6960 10405 D OplusOtaTracer: seq=246 t=+4111ms [Attest] hooked get overloads=1 on com.allawn.cryptography.teesdk.type.CryptoEngCmdType
09-24 21:23:13.727  6960 10405 D OplusOtaTracer: seq=247 t=+4111ms [Attest] hooked valueOf overloads=1 on com.allawn.cryptography.teesdk.type.CryptoEngCmdType
09-24 21:23:13.727  6960 10405 D OplusOtaTracer: seq=248 t=+4111ms [Attest] hooked values overloads=1 on com.allawn.cryptography.teesdk.type.CryptoEngCmdType
09-24 21:23:13.727  6960 10405 D OplusOtaTracer: seq=249 t=+4111ms [Attest] hooked getCode overloads=1 on com.allawn.cryptography.teesdk.type.CryptoEngCmdType
09-24 21:23:13.922  9950  9950 D OplusOtaTracer: seq=261 t=+4007ms [Thread] start name=OtaTracer-cryptoeng class=java.lang.Thread ours=false
09-24 21:23:13.967  9950 10413 D OplusOtaTracer: seq=262 t=+4052ms [Attest] cryptoeng candidate com.allawn.cryptography.teesdk.CryptoEngCmd
09-24 21:23:13.968  9950 10413 D OplusOtaTracer: seq=263 t=+4054ms [Attest] hooked exportCertificates overloads=1 on com.allawn.cryptography.teesdk.CryptoEngCmd
09-24 21:23:13.969  9950 10413 D OplusOtaTracer: seq=264 t=+4055ms [Attest] hooked getPKICertStatus overloads=1 on com.allawn.cryptography.teesdk.CryptoEngCmd
09-24 21:23:13.969  9950 10413 D OplusOtaTracer: seq=265 t=+4055ms [Attest] hooked getPKIGroupCertStatus overloads=1 on com.allawn.cryptography.teesdk.CryptoEngCmd
09-24 21:23:13.970  9950 10413 D OplusOtaTracer: seq=266 t=+4056ms [Attest] hooked isOs15 overloads=1 on com.allawn.cryptography.teesdk.CryptoEngCmd
09-24 21:23:13.970  9950 10413 D OplusOtaTracer: seq=267 t=+4056ms [Attest] hooked pkiCertVerify overloads=1 on com.allawn.cryptography.teesdk.CryptoEngCmd
09-24 21:23:13.971  9950 10413 D OplusOtaTracer: seq=268 t=+4057ms [Attest] hooked pkiCommonAsk overloads=1 on com.allawn.cryptography.teesdk.CryptoEngCmd
09-24 21:23:13.971  9950 10413 D OplusOtaTracer: seq=269 t=+4057ms [Attest] hooked pkiEcies overloads=1 on com.allawn.cryptography.teesdk.CryptoEngCmd
09-24 21:23:13.972  9950 10413 D OplusOtaTracer: seq=270 t=+4058ms [Attest] hooked pkiExportCert overloads=1 on com.allawn.cryptography.teesdk.CryptoEngCmd
09-24 21:23:13.972  9950 10413 D OplusOtaTracer: seq=271 t=+4058ms [Attest] hooked pkiExportGroupDeviceCert overloads=1 on com.allawn.cryptography.teesdk.CryptoEngCmd
09-24 21:23:13.973  9950 10413 D OplusOtaTracer: seq=272 t=+4059ms [Attest] hooked pkiHkdf overloads=1 on com.allawn.cryptography.teesdk.CryptoEngCmd
09-24 21:23:13.973  9950 10413 D OplusOtaTracer: seq=273 t=+4059ms [Attest] cryptoeng candidate com.allawn.cryptography.teesdk.type.CryptoEngCmdType
09-24 21:23:13.974  9950 10413 D OplusOtaTracer: seq=274 t=+4060ms [Attest] hooked get overloads=1 on com.allawn.cryptography.teesdk.type.CryptoEngCmdType
09-24 21:23:13.975  9950 10413 D OplusOtaTracer: seq=275 t=+4061ms [Attest] hooked valueOf overloads=1 on com.allawn.cryptography.teesdk.type.CryptoEngCmdType
09-24 21:23:13.976  9950 10413 D OplusOtaTracer: seq=276 t=+4062ms [Attest] hooked values overloads=1 on com.allawn.cryptography.teesdk.type.CryptoEngCmdType
09-24 21:23:13.976  9950 10413 D OplusOtaTracer: seq=277 t=+4062ms [Attest] hooked getCode overloads=1 on com.allawn.cryptography.teesdk.type.CryptoEngCmdType
09-24 21:23:14.018  9950 10413 D OplusOtaTracer: seq=278 t=+4104ms [Attest] cryptoeng candidate com.allawn.cryptography.teesdk.CryptoEngCmd
09-24 21:23:14.019  9950 10413 D OplusOtaTracer: seq=279 t=+4105ms [Attest] hooked exportCertificates overloads=1 on com.allawn.cryptography.teesdk.CryptoEngCmd
09-24 21:23:14.019  9950 10413 D OplusOtaTracer: seq=280 t=+4105ms [Attest] hooked getPKICertStatus overloads=1 on com.allawn.cryptography.teesdk.CryptoEngCmd
09-24 21:23:14.019  9950 10413 D OplusOtaTracer: seq=281 t=+4105ms [Attest] hooked getPKIGroupCertStatus overloads=1 on com.allawn.cryptography.teesdk.CryptoEngCmd
09-24 21:23:14.019  9950 10413 D OplusOtaTracer: seq=282 t=+4105ms [Attest] hooked isOs15 overloads=1 on com.allawn.cryptography.teesdk.CryptoEngCmd
09-24 21:23:14.019  9950 10413 D OplusOtaTracer: seq=283 t=+4105ms [Attest] hooked pkiCertVerify overloads=1 on com.allawn.cryptography.teesdk.CryptoEngCmd
09-24 21:23:14.019  9950 10413 D OplusOtaTracer: seq=284 t=+4105ms [Attest] hooked pkiCommonAsk overloads=1 on com.allawn.cryptography.teesdk.CryptoEngCmd
09-24 21:23:14.019  9950 10413 D OplusOtaTracer: seq=285 t=+4105ms [Attest] hooked pkiEcies overloads=1 on com.allawn.cryptography.teesdk.CryptoEngCmd
09-24 21:23:14.019  9950 10413 D OplusOtaTracer: seq=286 t=+4105ms [Attest] hooked pkiExportCert overloads=1 on com.allawn.cryptography.teesdk.CryptoEngCmd
09-24 21:23:14.019  9950 10413 D OplusOtaTracer: seq=287 t=+4105ms [Attest] hooked pkiExportGroupDeviceCert overloads=1 on com.allawn.cryptography.teesdk.CryptoEngCmd
09-24 21:23:14.019  9950 10413 D OplusOtaTracer: seq=288 t=+4105ms [Attest] hooked pkiHkdf overloads=1 on com.allawn.cryptography.teesdk.CryptoEngCmd
09-24 21:23:14.020  9950 10413 D OplusOtaTracer: seq=289 t=+4106ms [Attest] cryptoeng candidate com.allawn.cryptography.teesdk.type.CryptoEngCmdType
09-24 21:23:14.020  9950 10413 D OplusOtaTracer: seq=290 t=+4106ms [Attest] hooked get overloads=1 on com.allawn.cryptography.teesdk.type.CryptoEngCmdType
09-24 21:23:14.020  9950 10413 D OplusOtaTracer: seq=291 t=+4106ms [Attest] hooked valueOf overloads=1 on com.allawn.cryptography.teesdk.type.CryptoEngCmdType
09-24 21:23:14.020  9950 10413 D OplusOtaTracer: seq=292 t=+4106ms [Attest] hooked values overloads=1 on com.allawn.cryptography.teesdk.type.CryptoEngCmdType
09-24 21:23:14.020  9950 10413 D OplusOtaTracer: seq=293 t=+4106ms [Attest] hooked getCode overloads=1 on com.allawn.cryptography.teesdk.type.CryptoEngCmdType
09-24 21:23:14.625  6960  6960 D OplusOtaTracer: seq=250 t=+5009ms [Thread] start name=OtaTracer-parsediag class=java.lang.Thread ours=false
09-24 21:23:14.637  6960  6960 D OplusOtaTracer: seq=251 t=+5021ms [Boot] heartbeat left=12 rulesHit=[DownloadException, SignVerifyUtils] scanStopped=false
09-24 21:23:14.650  6960 10421 D OplusOtaTracer: seq=252 t=+5034ms [Parse] candidate com.allawn.cryptography.teesdk.ResultParser
09-24 21:23:14.651  6960 10421 D OplusOtaTracer: seq=253 t=+5035ms [Parse] hooked parse overloads=1 on com.allawn.cryptography.teesdk.ResultParser
09-24 21:23:14.651  6960 10421 D OplusOtaTracer: seq=254 t=+5035ms [Parse] attached com.allawn.cryptography.teesdk.ResultParser via=simpleName=ResultParser overloads=1
09-24 21:23:14.721  6960 10421 D OplusOtaTracer: seq=255 t=+5105ms [Parse] candidate com.allawn.cryptography.keymanager.Util
09-24 21:23:14.722  6960 10421 D OplusOtaTracer: seq=256 t=+5106ms [Parse] candidate com.allawn.cryptography.security.keystore.Util
09-24 21:23:14.722  6960 10421 D OplusOtaTracer: seq=257 t=+5106ms [Parse] candidate com.allawn.cryptography.teesdk.Util
09-24 21:23:14.722  6960 10421 D OplusOtaTracer: seq=258 t=+5106ms [Parse] candidate com.heytap.nearx.tangramconfig.bean.Util
09-24 21:23:14.923  9950  9950 D OplusOtaTracer: seq=294 t=+5009ms [Thread] start name=OtaTracer-parsediag class=java.lang.Thread ours=false
09-24 21:23:14.932  9950  9950 D OplusOtaTracer: seq=295 t=+5018ms [Boot] heartbeat left=12 rulesHit=[DownloadException, SignVerifyUtils] scanStopped=false
09-24 21:23:14.949  9950 10423 D OplusOtaTracer: seq=296 t=+5035ms [Parse] candidate com.allawn.cryptography.teesdk.ResultParser
09-24 21:23:14.950  9950 10423 D OplusOtaTracer: seq=297 t=+5036ms [Parse] hooked parse overloads=1 on com.allawn.cryptography.teesdk.ResultParser
09-24 21:23:14.950  9950 10423 D OplusOtaTracer: seq=298 t=+5036ms [Parse] attached com.allawn.cryptography.teesdk.ResultParser via=simpleName=ResultParser overloads=1
09-24 21:23:15.019  9950 10423 D OplusOtaTracer: seq=299 t=+5105ms [Parse] candidate com.allawn.cryptography.keymanager.Util
09-24 21:23:15.019  9950 10423 D OplusOtaTracer: seq=300 t=+5105ms [Parse] candidate com.allawn.cryptography.security.keystore.Util
09-24 21:23:15.019  9950 10423 D OplusOtaTracer: seq=301 t=+5105ms [Parse] candidate com.allawn.cryptography.teesdk.Util
09-24 21:23:15.019  9950 10423 D OplusOtaTracer: seq=302 t=+5105ms [Parse] candidate com.heytap.nearx.tangramconfig.bean.Util
09-24 21:23:16.301  6960 10214 D OplusOtaTracer: seq=259 t=+6685ms [Thread] start name=SensorsHandlerThread class=android.os.HandlerThread ours=false
09-24 21:23:17.065  6960  6960 D OplusOtaTracer: seq=260 t=+7449ms [Thread] start name=setFrameInterval class=java.lang.Thread ours=false
09-24 21:23:17.267  6960  6960 D OplusOtaTracer: seq=261 t=+7651ms [Thread] start name=Thread-9 class=java.lang.Thread ours=false
09-24 21:23:17.281  9950 10361 D OplusOtaTracer: seq=303 t=+7367ms [Thread] start name=oplus.view.bg class=android.view.OplusViewBackgroundThread ours=false
09-24 21:23:17.291  9950 10104 D OplusOtaTracer: seq=304 t=+7377ms [Thread] run enter a8.h0
09-24 21:23:17.292  9950 10104 D OplusOtaTracer: seq=305 t=+7378ms [Thread] run exit a8.h0
09-24 21:23:17.342  9950  9950 D OplusOtaTracer: seq=306 t=+7428ms [Thread] start name=setFrameInterval class=java.lang.Thread ours=false
09-24 21:23:17.394  9950  9950 D OplusOtaTracer: seq=307 t=+7480ms [Thread] start name=SurfaceSyncGroupTimer class=android.os.HandlerThread ours=false
09-24 21:23:17.842  9950  9950 D OplusOtaTracer: seq=308 t=+7928ms [Thread] execute class=a1.a ours=true
09-24 21:23:17.843  9950  9950 D OplusOtaTracer: seq=309 t=+7929ms [Thread] hooked run overloads=1 on a1.a
09-24 21:23:17.843  9950  9950 D OplusOtaTracer: seq=310 t=+7929ms [Thread] start name=EmojiCompatInitializer class=java.lang.Thread ours=false
09-24 21:23:17.844  9950 10494 D OplusOtaTracer: seq=311 t=+7930ms [Thread] run enter a1.a
09-24 21:23:17.845  9950 10494 D OplusOtaTracer: seq=312 t=+7931ms [Thread] execute class=a8.h0 ours=true
09-24 21:23:17.845  9950 10494 D OplusOtaTracer: seq=313 t=+7931ms [Thread] run exit a1.a
09-24 21:23:17.845  9950 10494 D OplusOtaTracer: seq=314 t=+7931ms [Thread] run enter a8.h0
09-24 21:23:17.866  9950 10494 D OplusOtaTracer: seq=315 t=+7952ms [Thread] run exit a8.h0
09-24 21:23:18.638  6960  6960 D OplusOtaTracer: seq=262 t=+9021ms [Hunter] deep scan skipped: ecdsaSignPki already hooked
09-24 21:23:18.933  9950  9950 D OplusOtaTracer: seq=316 t=+9019ms [Hunter] deep scan skipped: ecdsaSignPki already hooked
09-24 21:23:19.123  9950  9950 D OplusOtaTracer: seq=317 t=+9209ms [Thread] execute class=android.os.AsyncTask$4 ours=false
09-24 21:23:19.123  9950  9950 D OplusOtaTracer: seq=318 t=+9209ms [Thread] start name=LockPatternChecker-checkPattern #1 class=java.lang.Thread ours=false
09-24 21:23:19.638  6960  6960 D OplusOtaTracer: seq=263 t=+10022ms [Boot] heartbeat left=11 rulesHit=[DownloadException, SignVerifyUtils] scanStopped=false
09-24 21:23:19.933  9950  9950 D OplusOtaTracer: seq=319 t=+10019ms [Boot] heartbeat left=11 rulesHit=[DownloadException, SignVerifyUtils] scanStopped=false
09-24 21:23:20.461  9950  9985 D OplusOtaTracer: seq=320 t=+10547ms [Thread] execute class=java.util.concurrent.FutureTask ours=false
09-24 21:23:20.461  9950  9985 D OplusOtaTracer: seq=321 t=+10547ms [Thread] start name=TaskProcessor class=java.lang.Thread ours=false
09-24 21:23:20.472  9950 10104 D OplusOtaTracer: seq=322 t=+10558ms [Thread] run enter a8.h0
09-24 21:23:20.473  9950 10104 D OplusOtaTracer: seq=323 t=+10559ms [Thread] run exit a8.h0
09-24 21:23:20.476  9950 10647 D OplusOtaTracer: seq=324 t=+10562ms [Thread] execute class=java.util.concurrent.FutureTask ours=false
09-24 21:23:20.476  9950 10647 D OplusOtaTracer: seq=325 t=+10562ms [Thread] start name=pool-11-thread-1 class=java.lang.Thread ours=false
09-24 21:23:20.477  9950 10648 D OplusOtaTracer: seq=326 t=+10563ms [SignVerify] i enter arg[0]=com.oplus.ota.OTAApplication
09-24 21:23:20.477  9950 10648 D OplusOtaTracer: seq=327 t=+10563ms [Prefs] getInt key=gka_req_download value=2
09-24 21:23:20.477  9950 10648 D OplusOtaTracer: seq=328 t=+10563ms [Prefs] (part0) getInt site stack:
09-24 21:23:20.477  9950 10648 D OplusOtaTracer:     at ZXtqvLzSizvAgQNOJgN.sF.XC_MethodHook.callAfterHookedMethod(r8-map-id-efedc8ef6b9cd7d537819847e799f758499ba1eef7352b6bb5ce6846c9bf2c4f:1)
09-24 21:23:20.477  9950 10648 D OplusOtaTracer:     at s.intercept(r8-map-id-efedc8ef6b9cd7d537819847e799f758499ba1eef7352b6bb5ce6846c9bf2c4f:103)
09-24 21:23:20.477  9950 10648 D OplusOtaTracer:     at l.proceed(r8-map-id-efedc8ef6b9cd7d537819847e799f758499ba1eef7352b6bb5ce6846c9bf2c4f:35)
09-24 21:23:20.477  9950 10648 D OplusOtaTracer:     at android.provider.Fonteep.getInt(Fonteep.java)
09-24 21:23:20.477  9950 10648 D OplusOtaTracer:     at com.oplus.ota.downloader.util.b.i(Unknown Source:19)
09-24 21:23:20.477  9950 10648 D OplusOtaTracer:     at u7.a.a(Unknown Source:72)
09-24 21:23:20.477  9950 10648 D OplusOtaTracer:     at u7.a.run(Unknown Source:27)
09-24 21:23:20.477  9950 10648 D OplusOtaTracer:     at java.util.concurrent.Executors$RunnableAdapter.call(Executors.java:524)
09-24 21:23:20.477  9950 10648 D OplusOtaTracer: seq=329 t=+10563ms [AppLog] e tag=OTAApplication msg=SignVerifyUtils: getGkaReqDownloadType and the gakReqSpValue is: 2
09-24 21:23:20.477  9950 10648 D OplusOtaTracer: seq=330 t=+10563ms [SignVerify] i return Integer(2)
09-24 21:23:20.477  9950 10648 D OplusOtaTracer: seq=331 t=+10563ms [SignVerify] a enter arg[0]=com.android.okhttp.internal.huc.HttpsURLConnectionImpl arg[1]=com.oplus.ota.OTAApplication arg[2]=String(len=322,shape=text,sha256:6cda57e55d32ec4e) arg[3]=Integer(2)
09-24 21:23:20.478  9950 10648 D OplusOtaTracer: seq=332 t=+10564ms [DlReq] b.a gkaReq=2 url=https://component-ota-cn.allawntech.com/download?keys=[c,g,p,s,id,g5,taste,supportDLTaste,mode,gkaReq] i9=2 conn=com.android.okhttp.internal.huc.HttpsURLConnectionImpl ctx=com.oplus.ota.OTAApplication
09-24 21:23:20.478  9950 10648 D OplusOtaTracer: seq=333 t=+10564ms [DlReq] (part0) b.a gkaReq=2 caller stack:
09-24 21:23:20.478  9950 10648 D OplusOtaTracer:     at ZXtqvLzSizvAgQNOJgN.sF.XC_MethodHook.callBeforeHookedMethod(r8-map-id-efedc8ef6b9cd7d537819847e799f758499ba1eef7352b6bb5ce6846c9bf2c4f:1)
09-24 21:23:20.478  9950 10648 D OplusOtaTracer:     at s.intercept(r8-map-id-efedc8ef6b9cd7d537819847e799f758499ba1eef7352b6bb5ce6846c9bf2c4f:36)
09-24 21:23:20.478  9950 10648 D OplusOtaTracer:     at l.proceed(r8-map-id-efedc8ef6b9cd7d537819847e799f758499ba1eef7352b6bb5ce6846c9bf2c4f:35)
09-24 21:23:20.478  9950 10648 D OplusOtaTracer:     at l.proceed(r8-map-id-efedc8ef6b9cd7d537819847e799f758499ba1eef7352b6bb5ce6846c9bf2c4f:149)
09-24 21:23:20.478  9950 10648 D OplusOtaTracer:     at s.intercept(r8-map-id-efedc8ef6b9cd7d537819847e799f758499ba1eef7352b6bb5ce6846c9bf2c4f:79)
09-24 21:23:20.478  9950 10648 D OplusOtaTracer:     at l.proceed(r8-map-id-efedc8ef6b9cd7d537819847e799f758499ba1eef7352b6bb5ce6846c9bf2c4f:35)
09-24 21:23:20.478  9950 10648 D OplusOtaTracer:     at android.provider.Fonteep.a(Fonteep.java)
09-24 21:23:20.478  9950 10648 D OplusOtaTracer:     at u7.a.a(Unknown Source:128)
09-24 21:23:20.478  9950 10648 D OplusOtaTracer:     at u7.a.run(Unknown Source:27)
09-24 21:23:20.478  9950 10648 D OplusOtaTracer:     at java.util.concurrent.Executors$RunnableAdapter.call(Executors.java:524)
09-24 21:23:20.478  9950 10648 D OplusOtaTracer:     at java.util.concurrent.FutureTask.run(FutureTask.java:343)
09-24 21:23:20.478  9950 10648 D OplusOtaTracer:     at java.util.concurrent.ThreadPoolExecutor.runWorker(ThreadPoolExecutor.java:1156)
09-24 21:23:20.478  9950 10648 D OplusOtaTracer: seq=334 t=+10564ms [SignVerify] k enter arg[0]=com.oplus.ota.OTAApplication
09-24 21:23:20.478  9950 10648 D OplusOtaTracer: seq=335 t=+10564ms [SignVerify] k return String(len=64,shape=hex,sha256:07f0ff146d27667b)
09-24 21:23:20.478  9950 10648 D OplusOtaTracer: seq=336 t=+10564ms [SignVerify] m enter arg[0]=String(len=64,shape=hex,sha256:07f0ff146d27667b)
09-24 21:23:20.478  9950 10648 D OplusOtaTracer: seq=337 t=+10564ms [SignVerify] m return String(len=32,shape=hex,sha256:e7fca5422dad0628)
09-24 21:23:20.615  9950 10648 D OplusOtaTracer: seq=338 t=+10701ms [Thread] execute class=com.android.org.conscrypt.metrics.StatsLogImpl$2 ours=false
09-24 21:23:20.616  9950 10648 D OplusOtaTracer: seq=339 t=+10702ms [Thread] start name=Okio Watchdog class=com.android.okhttp.okio.AsyncTimeout$Watchdog ours=false
09-24 21:23:20.744  9950 10648 D OplusOtaTracer: seq=340 t=+10830ms [Response] responseCode=200 url=https://component-ota-cn.allawntech.com/ts
09-24 21:23:20.744  9950 10648 D OplusOtaTracer: seq=341 t=+10830ms [DlReq] ts httpStatus=200 url=https://component-ota-cn.allawntech.com/ts
09-24 21:23:20.744  9950 10648 D OplusOtaTracer: seq=342 t=+10830ms [DlReq] (part0) ts request site stack:
09-24 21:23:20.744  9950 10648 D OplusOtaTracer:     at ZXtqvLzSizvAgQNOJgN.sF.XC_MethodHook.callAfterHookedMethod(r8-map-id-efedc8ef6b9cd7d537819847e799f758499ba1eef7352b6bb5ce6846c9bf2c4f:1)
09-24 21:23:20.744  9950 10648 D OplusOtaTracer:     at s.intercept(r8-map-id-efedc8ef6b9cd7d537819847e799f758499ba1eef7352b6bb5ce6846c9bf2c4f:103)
09-24 21:23:20.744  9950 10648 D OplusOtaTracer:     at l.proceed(r8-map-id-efedc8ef6b9cd7d537819847e799f758499ba1eef7352b6bb5ce6846c9bf2c4f:35)
09-24 21:23:20.744  9950 10648 D OplusOtaTracer:     at android.provider.Fonteep.getResponseCode(Fonteep.java)
09-24 21:23:20.744  9950 10648 D OplusOtaTracer:     at com.android.okhttp.internal.huc.DelegatingHttpsURLConnection.getResponseCode(DelegatingHttpsURLConnection.java:106)
09-24 21:23:20.744  9950 10648 D OplusOtaTracer:     at com.android.okhttp.internal.huc.HttpsURLConnectionImpl.getResponseCode(HttpsURLConnectionImpl.java:30)
09-24 21:23:20.744  9950 10648 D OplusOtaTracer:     at com.oplus.ota.downloader.util.b.p(Unknown Source:52)
09-24 21:23:20.744  9950 10648 D OplusOtaTracer:     at com.oplus.ota.downloader.util.b.a(Unknown Source:14)
09-24 21:23:20.744  9950 10648 D OplusOtaTracer:     at u7.a.a(Unknown Source:128)
09-24 21:23:20.744  9950 10648 D OplusOtaTracer:     at u7.a.run(Unknown Source:27)
09-24 21:23:20.744  9950 10648 D OplusOtaTracer:     at java.util.concurrent.Executors$RunnableAdapter.call(Executors.java:524)
09-24 21:23:20.744  9950 10648 D OplusOtaTracer:     at java.util.concurrent.FutureTask.run(FutureTask.java:343)
09-24 21:23:20.744  9950 10648 D OplusOtaTracer: seq=343 t=+10830ms [Response] getInputStream return com.android.okhttp.okio.RealBufferedSource$1 url=https://component-ota-cn.allawntech.com/ts
09-24 21:23:20.744  9950 10648 D OplusOtaTracer: seq=344 t=+10830ms [DlReq] body capture on com.android.okhttp.okio.RealBufferedSource$1
09-24 21:23:20.747  9950 10648 D OplusOtaTracer: seq=345 t=+10833ms [DlReq] hooked read overloads=2 on com.android.okhttp.okio.RealBufferedSource$1
09-24 21:23:20.748  9950 10648 D OplusOtaTracer: seq=346 t=+10833ms [DlReq] hooked close overloads=1 on com.android.okhttp.okio.RealBufferedSource$1
09-24 21:23:20.748  9950 10648 D OplusOtaTracer: seq=347 t=+10834ms [DlReq] ts bodyBytes=13 url=https://component-ota-cn.allawntech.com/ts
09-24 21:23:20.748  9950 10648 D OplusOtaTracer: seq=348 t=+10834ms [DlReq] ts body=1790256200844
09-24 21:23:20.748  9950 10648 D OplusOtaTracer: seq=349 t=+10834ms [SignVerify] l enter arg[0]=Integer(2)
09-24 21:23:20.748  9950 10648 D OplusOtaTracer: seq=350 t=+10834ms [SignVerify] g enter
09-24 21:23:20.748  9950 10648 D OplusOtaTracer: seq=351 t=+10834ms [Attest] generateX509 enter arg[0]=com.allawn.cryptography.security.attestation.AttestationParameters
09-24 21:23:20.749  9950 10648 D OplusOtaTracer: seq=352 t=+10834ms [Attest] (part0) generateX509 caller stack:
09-24 21:23:20.749  9950 10648 D OplusOtaTracer:     at ZXtqvLzSizvAgQNOJgN.sF.XC_MethodHook.callBeforeHookedMethod(r8-map-id-efedc8ef6b9cd7d537819847e799f758499ba1eef7352b6bb5ce6846c9bf2c4f:1)
09-24 21:23:20.749  9950 10648 D OplusOtaTracer:     at s.intercept(r8-map-id-efedc8ef6b9cd7d537819847e799f758499ba1eef7352b6bb5ce6846c9bf2c4f:36)
09-24 21:23:20.749  9950 10648 D OplusOtaTracer:     at l.proceed(r8-map-id-efedc8ef6b9cd7d537819847e799f758499ba1eef7352b6bb5ce6846c9bf2c4f:35)
09-24 21:23:20.749  9950 10648 D OplusOtaTracer:     at android.provider.Fonteep.generateX509(Fonteep.java)
09-24 21:23:20.749  9950 10648 D OplusOtaTracer:     at com.oplus.ota.downloader.util.b.g(Unknown Source:51)
09-24 21:23:20.749  9950 10648 D OplusOtaTracer:     at com.oplus.ota.downloader.util.b.l(Unknown Source:19)
09-24 21:23:20.749  9950 10648 D OplusOtaTracer:     at com.oplus.ota.downloader.util.b.a(Unknown Source:87)
09-24 21:23:20.749  9950 10648 D OplusOtaTracer:     at u7.a.a(Unknown Source:128)
09-24 21:23:20.749  9950 10648 D OplusOtaTracer:     at u7.a.run(Unknown Source:27)
09-24 21:23:20.749  9950 10648 D OplusOtaTracer:     at java.util.concurrent.Executors$RunnableAdapter.call(Executors.java:524)
09-24 21:23:20.749  9950 10648 D OplusOtaTracer:     at java.util.concurrent.FutureTask.run(FutureTask.java:343)
09-24 21:23:20.749  9950 10648 D OplusOtaTracer:     at java.util.concurrent.ThreadPoolExecutor.runWorker(ThreadPoolExecutor.java:1156)
09-24 21:23:20.749  9950 10648 D OplusOtaTracer: seq=353 t=+10835ms [Attest] clear enter
09-24 21:23:20.749  9950 10648 D OplusOtaTracer: seq=354 t=+10835ms [Attest] (part0) clear caller stack:
09-24 21:23:20.749  9950 10648 D OplusOtaTracer:     at ZXtqvLzSizvAgQNOJgN.sF.XC_MethodHook.callBeforeHookedMethod(r8-map-id-efedc8ef6b9cd7d537819847e799f758499ba1eef7352b6bb5ce6846c9bf2c4f:1)
09-24 21:23:20.749  9950 10648 D OplusOtaTracer:     at s.intercept(r8-map-id-efedc8ef6b9cd7d537819847e799f758499ba1eef7352b6bb5ce6846c9bf2c4f:36)
09-24 21:23:20.749  9950 10648 D OplusOtaTracer:     at l.proceed(r8-map-id-efedc8ef6b9cd7d537819847e799f758499ba1eef7352b6bb5ce6846c9bf2c4f:35)
09-24 21:23:20.749  9950 10648 D OplusOtaTracer:     at android.provider.Fonteep.clear(Fonteep.java)
09-24 21:23:20.749  9950 10648 D OplusOtaTracer:     at com.allawn.cryptography.security.attestation.AttestationManager.generateX509V2(Unknown Source:2)
09-24 21:23:20.749  9950 10648 D OplusOtaTracer:     at com.allawn.cryptography.security.attestation.AttestationManager.generateX509(Unknown Source:0)
09-24 21:23:20.749  9950 10648 D OplusOtaTracer:     at com.oplus.ota.downloader.util.b.g(Unknown Source:51)
09-24 21:23:20.749  9950 10648 D OplusOtaTracer:     at com.oplus.ota.downloader.util.b.l(Unknown Source:19)
09-24 21:23:20.749  9950 10648 D OplusOtaTracer:     at com.oplus.ota.downloader.util.b.a(Unknown Source:87)
09-24 21:23:20.749  9950 10648 D OplusOtaTracer:     at u7.a.a(Unknown Source:128)
09-24 21:23:20.749  9950 10648 D OplusOtaTracer:     at u7.a.run(Unknown Source:27)
09-24 21:23:20.749  9950 10648 D OplusOtaTracer:     at java.util.concurrent.Executors$RunnableAdapter.call(Executors.java:524)
09-24 21:23:20.749  9950 10648 D OplusOtaTracer: seq=355 t=+10835ms [Attest] clear return null void=true
09-24 21:23:20.749  9950 10648 D OplusOtaTracer: seq=356 t=+10835ms [Attest] generate enter arg[0]=String(len=7,shape=text,sha256:445e526339965bd7) arg[1]=com.allawn.cryptography.security.attestation.AttestationParameters
09-24 21:23:20.749  9950 10648 D OplusOtaTracer: seq=357 t=+10835ms [Attest] (part0) generate caller stack:
09-24 21:23:20.749  9950 10648 D OplusOtaTracer:     at ZXtqvLzSizvAgQNOJgN.sF.XC_MethodHook.callBeforeHookedMethod(r8-map-id-efedc8ef6b9cd7d537819847e799f758499ba1eef7352b6bb5ce6846c9bf2c4f:1)
09-24 21:23:20.749  9950 10648 D OplusOtaTracer:     at s.intercept(r8-map-id-efedc8ef6b9cd7d537819847e799f758499ba1eef7352b6bb5ce6846c9bf2c4f:36)
09-24 21:23:20.749  9950 10648 D OplusOtaTracer:     at l.proceed(r8-map-id-efedc8ef6b9cd7d537819847e799f758499ba1eef7352b6bb5ce6846c9bf2c4f:35)
09-24 21:23:20.749  9950 10648 D OplusOtaTracer:     at android.provider.Fonteep.generate(Fonteep.java)
09-24 21:23:20.749  9950 10648 D OplusOtaTracer:     at com.allawn.cryptography.security.attestation.AttestationManager.generateX509V2(Unknown Source:7)
09-24 21:23:20.749  9950 10648 D OplusOtaTracer:     at com.allawn.cryptography.security.attestation.AttestationManager.generateX509(Unknown Source:0)
09-24 21:23:20.749  9950 10648 D OplusOtaTracer:     at com.oplus.ota.downloader.util.b.g(Unknown Source:51)
09-24 21:23:20.749  9950 10648 D OplusOtaTracer:     at com.oplus.ota.downloader.util.b.l(Unknown Source:19)
09-24 21:23:20.749  9950 10648 D OplusOtaTracer:     at com.oplus.ota.downloader.util.b.a(Unknown Source:87)
09-24 21:23:20.749  9950 10648 D OplusOtaTracer:     at u7.a.a(Unknown Source:128)
09-24 21:23:20.749  9950 10648 D OplusOtaTracer:     at u7.a.run(Unknown Source:27)
09-24 21:23:20.749  9950 10648 D OplusOtaTracer:     at java.util.concurrent.Executors$RunnableAdapter.call(Executors.java:524)
09-24 21:23:20.749  9950 10648 D OplusOtaTracer: seq=358 t=+10835ms [Attest] packParametersToCryptoEng enter arg[0]=com.allawn.cryptography.security.attestation.AttestationParameters arg[1]=org.json.JSONObject arg[2]=String(len=7,shape=text,sha256:445e526339965bd7)
09-24 21:23:20.749  9950 10648 D OplusOtaTracer: seq=359 t=+10835ms [Attest] (part0) packParametersToCryptoEng caller stack:
09-24 21:23:20.749  9950 10648 D OplusOtaTracer:     at ZXtqvLzSizvAgQNOJgN.sF.XC_MethodHook.callBeforeHookedMethod(r8-map-id-efedc8ef6b9cd7d537819847e799f758499ba1eef7352b6bb5ce6846c9bf2c4f:1)
09-24 21:23:20.749  9950 10648 D OplusOtaTracer:     at s.intercept(r8-map-id-efedc8ef6b9cd7d537819847e799f758499ba1eef7352b6bb5ce6846c9bf2c4f:36)
09-24 21:23:20.749  9950 10648 D OplusOtaTracer:     at l.proceed(r8-map-id-efedc8ef6b9cd7d537819847e799f758499ba1eef7352b6bb5ce6846c9bf2c4f:35)
09-24 21:23:20.749  9950 10648 D OplusOtaTracer:     at android.provider.Fonteep.packParametersToCryptoEng(Fonteep.java)
09-24 21:23:20.749  9950 10648 D OplusOtaTracer:     at com.allawn.cryptography.security.attestation.AttestationManager.generate(Unknown Source:5)
09-24 21:23:20.749  9950 10648 D OplusOtaTracer:     at com.allawn.cryptography.security.attestation.AttestationManager.generateX509V2(Unknown Source:7)
09-24 21:23:20.749  9950 10648 D OplusOtaTracer:     at com.allawn.cryptography.security.attestation.AttestationManager.generateX509(Unknown Source:0)
09-24 21:23:20.749  9950 10648 D OplusOtaTracer:     at com.oplus.ota.downloader.util.b.g(Unknown Source:51)
09-24 21:23:20.749  9950 10648 D OplusOtaTracer:     at com.oplus.ota.downloader.util.b.l(Unknown Source:19)
09-24 21:23:20.749  9950 10648 D OplusOtaTracer:     at com.oplus.ota.downloader.util.b.a(Unknown Source:87)
09-24 21:23:20.749  9950 10648 D OplusOtaTracer:     at u7.a.a(Unknown Source:128)
09-24 21:23:20.749  9950 10648 D OplusOtaTracer:     at u7.a.run(Unknown Source:27)
09-24 21:23:20.749  9950 10648 D OplusOtaTracer: seq=360 t=+10835ms [Attest] packBasicAttestation enter arg[0]=com.allawn.cryptography.security.attestation.AttestationParameters arg[1]=org.json.JSONObject arg[2]=String(len=7,shape=text,sha256:445e526339965bd7)
09-24 21:23:20.749  9950 10648 D OplusOtaTracer: seq=361 t=+10835ms [Attest] (part0) packBasicAttestation caller stack:
09-24 21:23:20.749  9950 10648 D OplusOtaTracer:     at ZXtqvLzSizvAgQNOJgN.sF.XC_MethodHook.callBeforeHookedMethod(r8-map-id-efedc8ef6b9cd7d537819847e799f758499ba1eef7352b6bb5ce6846c9bf2c4f:1)
09-24 21:23:20.749  9950 10648 D OplusOtaTracer:     at s.intercept(r8-map-id-efedc8ef6b9cd7d537819847e799f758499ba1eef7352b6bb5ce6846c9bf2c4f:36)
09-24 21:23:20.749  9950 10648 D OplusOtaTracer:     at l.proceed(r8-map-id-efedc8ef6b9cd7d537819847e799f758499ba1eef7352b6bb5ce6846c9bf2c4f:35)
09-24 21:23:20.749  9950 10648 D OplusOtaTracer:     at android.provider.Fonteep.packBasicAttestation(Fonteep.java)
09-24 21:23:20.749  9950 10648 D OplusOtaTracer:     at com.allawn.cryptography.security.attestation.AttestationManager.packParametersToCryptoEng(Unknown Source:2)
09-24 21:23:20.749  9950 10648 D OplusOtaTracer:     at com.allawn.cryptography.security.attestation.AttestationManager.generate(Unknown Source:5)
09-24 21:23:20.749  9950 10648 D OplusOtaTracer:     at com.allawn.cryptography.security.attestation.AttestationManager.generateX509V2(Unknown Source:7)
09-24 21:23:20.749  9950 10648 D OplusOtaTracer:     at com.allawn.cryptography.security.attestation.AttestationManager.generateX509(Unknown Source:0)
09-24 21:23:20.749  9950 10648 D OplusOtaTracer:     at com.oplus.ota.downloader.util.b.g(Unknown Source:51)
09-24 21:23:20.749  9950 10648 D OplusOtaTracer:     at com.oplus.ota.downloader.util.b.l(Unknown Source:19)
09-24 21:23:20.749  9950 10648 D OplusOtaTracer:     at com.oplus.ota.downloader.util.b.a(Unknown Source:87)
09-24 21:23:20.749  9950 10648 D OplusOtaTracer:     at u7.a.a(Unknown Source:128)
09-24 21:23:20.749  9950 10648 D OplusOtaTracer: seq=362 t=+10835ms [Attest] packTimeInfo enter arg[0]=com.allawn.cryptography.security.attestation.AttestationParameters arg[1]=org.json.JSONObject
09-24 21:23:20.750  9950 10648 D OplusOtaTracer: seq=363 t=+10836ms [Attest] (part0) packTimeInfo caller stack:
09-24 21:23:20.750  9950 10648 D OplusOtaTracer:     at ZXtqvLzSizvAgQNOJgN.sF.XC_MethodHook.callBeforeHookedMethod(r8-map-id-efedc8ef6b9cd7d537819847e799f758499ba1eef7352b6bb5ce6846c9bf2c4f:1)
09-24 21:23:20.750  9950 10648 D OplusOtaTracer:     at s.intercept(r8-map-id-efedc8ef6b9cd7d537819847e799f758499ba1eef7352b6bb5ce6846c9bf2c4f:36)
09-24 21:23:20.750  9950 10648 D OplusOtaTracer:     at l.proceed(r8-map-id-efedc8ef6b9cd7d537819847e799f758499ba1eef7352b6bb5ce6846c9bf2c4f:35)
09-24 21:23:20.750  9950 10648 D OplusOtaTracer:     at android.provider.Fonteep.packTimeInfo(Fonteep.java)
09-24 21:23:20.750  9950 10648 D OplusOtaTracer:     at com.allawn.cryptography.security.attestation.AttestationManager.packBasicAttestation(Unknown Source:0)
09-24 21:23:20.750  9950 10648 D OplusOtaTracer:     at com.allawn.cryptography.security.attestation.AttestationManager.packParametersToCryptoEng(Unknown Source:2)
09-24 21:23:20.750  9950 10648 D OplusOtaTracer:     at com.allawn.cryptography.security.attestation.AttestationManager.generate(Unknown Source:5)
09-24 21:23:20.750  9950 10648 D OplusOtaTracer:     at com.allawn.cryptography.security.attestation.AttestationManager.generateX509V2(Unknown Source:7)
09-24 21:23:20.750  9950 10648 D OplusOtaTracer:     at com.allawn.cryptography.security.attestation.AttestationManager.generateX509(Unknown Source:0)
09-24 21:23:20.750  9950 10648 D OplusOtaTracer:     at com.oplus.ota.downloader.util.b.g(Unknown Source:51)
09-24 21:23:20.750  9950 10648 D OplusOtaTracer:     at com.oplus.ota.downloader.util.b.l(Unknown Source:19)
09-24 21:23:20.750  9950 10648 D OplusOtaTracer:     at com.oplus.ota.downloader.util.b.a(Unknown Source:87)
09-24 21:23:20.752  9950 10648 D OplusOtaTracer: seq=364 t=+10838ms [Attest] packTimeInfo return null void=true
09-24 21:23:20.752  9950 10648 D OplusOtaTracer: seq=365 t=+10838ms [Attest] getSigningKeyAliasCode enter arg[0]=Integer(0)
09-24 21:23:20.752  9950 10648 D OplusOtaTracer: seq=366 t=+10838ms [Attest] (part0) getSigningKeyAliasCode caller stack:
09-24 21:23:20.752  9950 10648 D OplusOtaTracer:     at ZXtqvLzSizvAgQNOJgN.sF.XC_MethodHook.callBeforeHookedMethod(r8-map-id-efedc8ef6b9cd7d537819847e799f758499ba1eef7352b6bb5ce6846c9bf2c4f:1)
09-24 21:23:20.752  9950 10648 D OplusOtaTracer:     at s.intercept(r8-map-id-efedc8ef6b9cd7d537819847e799f758499ba1eef7352b6bb5ce6846c9bf2c4f:36)
09-24 21:23:20.752  9950 10648 D OplusOtaTracer:     at l.proceed(r8-map-id-efedc8ef6b9cd7d537819847e799f758499ba1eef7352b6bb5ce6846c9bf2c4f:35)
09-24 21:23:20.752  9950 10648 D OplusOtaTracer:     at android.provider.Fonteep.getSigningKeyAliasCode(Fonteep.java)
09-24 21:23:20.752  9950 10648 D OplusOtaTracer:     at com.allawn.cryptography.security.attestation.AttestationManager.packBasicAttestation(Unknown Source:120)
09-24 21:23:20.752  9950 10648 D OplusOtaTracer:     at com.allawn.cryptography.security.attestation.AttestationManager.packParametersToCryptoEng(Unknown Source:2)
09-24 21:23:20.752  9950 10648 D OplusOtaTracer:     at com.allawn.cryptography.security.attestation.AttestationManager.generate(Unknown Source:5)
09-24 21:23:20.752  9950 10648 D OplusOtaTracer:     at com.allawn.cryptography.security.attestation.AttestationManager.generateX509V2(Unknown Source:7)
09-24 21:23:20.752  9950 10648 D OplusOtaTracer:     at com.allawn.cryptography.security.attestation.AttestationManager.generateX509(Unknown Source:0)
09-24 21:23:20.752  9950 10648 D OplusOtaTracer:     at com.oplus.ota.downloader.util.b.g(Unknown Source:51)
09-24 21:23:20.752  9950 10648 D OplusOtaTracer:     at com.oplus.ota.downloader.util.b.l(Unknown Source:19)
09-24 21:23:20.752  9950 10648 D OplusOtaTracer:     at com.oplus.ota.downloader.util.b.a(Unknown Source:87)
09-24 21:23:20.752  9950 10648 D OplusOtaTracer: seq=367 t=+10838ms [Attest] getSigningKeyAliasCode return Integer(0) type=java.lang.Integer isNull=false
09-24 21:23:20.752  9950 10648 D OplusOtaTracer: seq=368 t=+10838ms [Attest] packPublicKeyInfo enter arg[0]=com.allawn.cryptography.security.attestation.AttestationParameters arg[1]=org.json.JSONObject arg[2]=String(len=7,shape=text,sha256:445e526339965bd7)
09-24 21:23:20.752  9950 10648 D OplusOtaTracer: seq=369 t=+10838ms [Attest] (part0) packPublicKeyInfo caller stack:
09-24 21:23:20.752  9950 10648 D OplusOtaTracer:     at ZXtqvLzSizvAgQNOJgN.sF.XC_MethodHook.callBeforeHookedMethod(r8-map-id-efedc8ef6b9cd7d537819847e799f758499ba1eef7352b6bb5ce6846c9bf2c4f:1)
09-24 21:23:20.752  9950 10648 D OplusOtaTracer:     at s.intercept(r8-map-id-efedc8ef6b9cd7d537819847e799f758499ba1eef7352b6bb5ce6846c9bf2c4f:36)
09-24 21:23:20.752  9950 10648 D OplusOtaTracer:     at l.proceed(r8-map-id-efedc8ef6b9cd7d537819847e799f758499ba1eef7352b6bb5ce6846c9bf2c4f:35)
09-24 21:23:20.752  9950 10648 D OplusOtaTracer:     at android.provider.Fonteep.packPublicKeyInfo(Fonteep.java)
09-24 21:23:20.752  9950 10648 D OplusOtaTracer:     at com.allawn.cryptography.security.attestation.AttestationManager.packBasicAttestation(Unknown Source:187)
09-24 21:23:20.752  9950 10648 D OplusOtaTracer:     at com.allawn.cryptography.security.attestation.AttestationManager.packParametersToCryptoEng(Unknown Source:2)
09-24 21:23:20.752  9950 10648 D OplusOtaTracer:     at com.allawn.cryptography.security.attestation.AttestationManager.generate(Unknown Source:5)
09-24 21:23:20.752  9950 10648 D OplusOtaTracer:     at com.allawn.cryptography.security.attestation.AttestationManager.generateX509V2(Unknown Source:7)
09-24 21:23:20.752  9950 10648 D OplusOtaTracer:     at com.allawn.cryptography.security.attestation.AttestationManager.generateX509(Unknown Source:0)
09-24 21:23:20.752  9950 10648 D OplusOtaTracer:     at com.oplus.ota.downloader.util.b.g(Unknown Source:51)
09-24 21:23:20.752  9950 10648 D OplusOtaTracer:     at com.oplus.ota.downloader.util.b.l(Unknown Source:19)
09-24 21:23:20.752  9950 10648 D OplusOtaTracer:     at com.oplus.ota.downloader.util.b.a(Unknown Source:87)
09-24 21:23:20.752  9950 10648 D OplusOtaTracer: seq=370 t=+10838ms [Attest] createApplicationPublicKey enter arg[0]=com.allawn.cryptography.security.attestation.AttestationProperties$ApplicationKeyAlgorithmEnum arg[1]=String(len=14,shape=text,sha256:224f011fabbb1c07)
09-24 21:23:20.753  9950 10648 D OplusOtaTracer: seq=371 t=+10839ms [Attest] (part0) createApplicationPublicKey caller stack:
09-24 21:23:20.753  9950 10648 D OplusOtaTracer:     at ZXtqvLzSizvAgQNOJgN.sF.XC_MethodHook.callBeforeHookedMethod(r8-map-id-efedc8ef6b9cd7d537819847e799f758499ba1eef7352b6bb5ce6846c9bf2c4f:1)
09-24 21:23:20.753  9950 10648 D OplusOtaTracer:     at s.intercept(r8-map-id-efedc8ef6b9cd7d537819847e799f758499ba1eef7352b6bb5ce6846c9bf2c4f:36)
09-24 21:23:20.753  9950 10648 D OplusOtaTracer:     at l.proceed(r8-map-id-efedc8ef6b9cd7d537819847e799f758499ba1eef7352b6bb5ce6846c9bf2c4f:35)
09-24 21:23:20.753  9950 10648 D OplusOtaTracer:     at android.provider.Fonteep.createApplicationPublicKey(Fonteep.java)
09-24 21:23:20.753  9950 10648 D OplusOtaTracer:     at com.allawn.cryptography.security.attestation.AttestationManager.packPublicKeyInfo(Unknown Source:74)
09-24 21:23:20.753  9950 10648 D OplusOtaTracer:     at com.allawn.cryptography.security.attestation.AttestationManager.packBasicAttestation(Unknown Source:187)
09-24 21:23:20.753  9950 10648 D OplusOtaTracer:     at com.allawn.cryptography.security.attestation.AttestationManager.packParametersToCryptoEng(Unknown Source:2)
09-24 21:23:20.753  9950 10648 D OplusOtaTracer:     at com.allawn.cryptography.security.attestation.AttestationManager.generate(Unknown Source:5)
09-24 21:23:20.753  9950 10648 D OplusOtaTracer:     at com.allawn.cryptography.security.attestation.AttestationManager.generateX509V2(Unknown Source:7)
09-24 21:23:20.753  9950 10648 D OplusOtaTracer:     at com.allawn.cryptography.security.attestation.AttestationManager.generateX509(Unknown Source:0)
09-24 21:23:20.753  9950 10648 D OplusOtaTracer:     at com.oplus.ota.downloader.util.b.g(Unknown Source:51)
09-24 21:23:20.753  9950 10648 D OplusOtaTracer:     at com.oplus.ota.downloader.util.b.l(Unknown Source:19)
09-24 21:23:20.753  9950 10648 D OplusOtaTracer: seq=372 t=+10839ms [Attest] deleteKeyIfExists enter arg[0]=String(len=14,shape=text,sha256:224f011fabbb1c07)
09-24 21:23:20.753  9950 10648 D OplusOtaTracer: seq=373 t=+10839ms [Attest] (part0) deleteKeyIfExists caller stack:
09-24 21:23:20.753  9950 10648 D OplusOtaTracer:     at ZXtqvLzSizvAgQNOJgN.sF.XC_MethodHook.callBeforeHookedMethod(r8-map-id-efedc8ef6b9cd7d537819847e799f758499ba1eef7352b6bb5ce6846c9bf2c4f:1)
09-24 21:23:20.753  9950 10648 D OplusOtaTracer:     at s.intercept(r8-map-id-efedc8ef6b9cd7d537819847e799f758499ba1eef7352b6bb5ce6846c9bf2c4f:36)
09-24 21:23:20.753  9950 10648 D OplusOtaTracer:     at l.proceed(r8-map-id-efedc8ef6b9cd7d537819847e799f758499ba1eef7352b6bb5ce6846c9bf2c4f:35)
09-24 21:23:20.753  9950 10648 D OplusOtaTracer:     at android.provider.Fonteep.deleteKeyIfExists(Fonteep.java)
09-24 21:23:20.753  9950 10648 D OplusOtaTracer:     at com.allawn.cryptography.security.attestation.AttestationUtil.createApplicationPublicKey(Unknown Source:0)
09-24 21:23:20.753  9950 10648 D OplusOtaTracer:     at com.allawn.cryptography.security.attestation.AttestationManager.packPublicKeyInfo(Unknown Source:74)
09-24 21:23:20.753  9950 10648 D OplusOtaTracer:     at com.allawn.cryptography.security.attestation.AttestationManager.packBasicAttestation(Unknown Source:187)
09-24 21:23:20.753  9950 10648 D OplusOtaTracer:     at com.allawn.cryptography.security.attestation.AttestationManager.packParametersToCryptoEng(Unknown Source:2)
09-24 21:23:20.753  9950 10648 D OplusOtaTracer:     at com.allawn.cryptography.security.attestation.AttestationManager.generate(Unknown Source:5)
09-24 21:23:20.753  9950 10648 D OplusOtaTracer:     at com.allawn.cryptography.security.attestation.AttestationManager.generateX509V2(Unknown Source:7)
09-24 21:23:20.753  9950 10648 D OplusOtaTracer:     at com.allawn.cryptography.security.attestation.AttestationManager.generateX509(Unknown Source:0)
09-24 21:23:20.753  9950 10648 D OplusOtaTracer:     at com.oplus.ota.downloader.util.b.g(Unknown Source:51)
09-24 21:23:20.753  9950 10648 D OplusOtaTracer: seq=374 t=+10839ms [KeyStore] getInstance enter arg[0]="AndroidKeyStore"
09-24 21:23:20.753  9950 10648 D OplusOtaTracer: seq=375 t=+10839ms [KeyStore] getInstance result java.security.KeyStore
09-24 21:23:20.753  9950 10648 D OplusOtaTracer: seq=376 t=+10839ms [KeyStore] load enter arg[0]=null
09-24 21:23:20.753  9950 10648 D OplusOtaTracer: seq=377 t=+10839ms [KeyStore] load result null
09-24 21:23:20.753  9950 10648 D OplusOtaTracer: seq=378 t=+10839ms [KeyStore] containsAlias enter arg[0]="ota_pki_attest"
09-24 21:23:20.755  9950 10648 D OplusOtaTracer: seq=379 t=+10841ms [KeyStore] containsAlias result Boolean(false)
09-24 21:23:20.755  9950 10648 D OplusOtaTracer: seq=380 t=+10841ms [Attest] deleteKeyIfExists return null void=true
09-24 21:23:20.782  9950 10648 D OplusOtaTracer: seq=381 t=+10868ms [Attest] createApplicationPublicKey return String(len=177,shape=text,sha256:3857add3da7b8602) type=java.lang.String isNull=false
09-24 21:23:20.782  9950 10648 D OplusOtaTracer: seq=382 t=+10868ms [Attest] packPublicKeyInfo return null void=true
09-24 21:23:20.782  9950 10648 D OplusOtaTracer: seq=383 t=+10868ms [Attest] packBasicAttestation return null void=true
09-24 21:23:20.782  9950 10648 D OplusOtaTracer: seq=384 t=+10868ms [Attest] packIdAttestation enter arg[0]=com.allawn.cryptography.security.attestation.AttestationParameters arg[1]=org.json.JSONObject
09-24 21:23:20.782  9950 10648 D OplusOtaTracer: seq=385 t=+10868ms [Attest] (part0) packIdAttestation caller stack:
09-24 21:23:20.782  9950 10648 D OplusOtaTracer:     at ZXtqvLzSizvAgQNOJgN.sF.XC_MethodHook.callBeforeHookedMethod(r8-map-id-efedc8ef6b9cd7d537819847e799f758499ba1eef7352b6bb5ce6846c9bf2c4f:1)
09-24 21:23:20.782  9950 10648 D OplusOtaTracer:     at s.intercept(r8-map-id-efedc8ef6b9cd7d537819847e799f758499ba1eef7352b6bb5ce6846c9bf2c4f:36)
09-24 21:23:20.782  9950 10648 D OplusOtaTracer:     at l.proceed(r8-map-id-efedc8ef6b9cd7d537819847e799f758499ba1eef7352b6bb5ce6846c9bf2c4f:35)
09-24 21:23:20.782  9950 10648 D OplusOtaTracer:     at android.provider.Fonteep.packIdAttestation(Fonteep.java)
09-24 21:23:20.782  9950 10648 D OplusOtaTracer:     at com.allawn.cryptography.security.attestation.AttestationManager.packParametersToCryptoEng(Unknown Source:11)
09-24 21:23:20.782  9950 10648 D OplusOtaTracer:     at com.allawn.cryptography.security.attestation.AttestationManager.generate(Unknown Source:5)
09-24 21:23:20.782  9950 10648 D OplusOtaTracer:     at com.allawn.cryptography.security.attestation.AttestationManager.generateX509V2(Unknown Source:7)
09-24 21:23:20.782  9950 10648 D OplusOtaTracer:     at com.allawn.cryptography.security.attestation.AttestationManager.generateX509(Unknown Source:0)
09-24 21:23:20.782  9950 10648 D OplusOtaTracer:     at com.oplus.ota.downloader.util.b.g(Unknown Source:51)
09-24 21:23:20.782  9950 10648 D OplusOtaTracer:     at com.oplus.ota.downloader.util.b.l(Unknown Source:19)
09-24 21:23:20.782  9950 10648 D OplusOtaTracer:     at com.oplus.ota.downloader.util.b.a(Unknown Source:87)
09-24 21:23:20.782  9950 10648 D OplusOtaTracer:     at u7.a.a(Unknown Source:128)
09-24 21:23:20.782  9950 10648 D OplusOtaTracer: seq=386 t=+10868ms [Attest] packIdAttestation return Boolean(false) type=java.lang.Boolean isNull=false
09-24 21:23:20.783  9950 10648 D OplusOtaTracer: seq=387 t=+10868ms [Attest] packParametersToCryptoEng return com.allawn.cryptography.teesdk.type.CryptoEngCmdType type=com.allawn.cryptography.teesdk.type.CryptoEngCmdType isNull=false
09-24 21:23:20.783  9950 10648 D OplusOtaTracer: seq=388 t=+10869ms [Attest] pkiCommonAsk enter arg[0]=String(len=464,shape=text,sha256:44102949130aec00) arg[1]=com.allawn.cryptography.teesdk.type.CryptoEngCmdType
09-24 21:23:20.783  9950 10648 D OplusOtaTracer: seq=389 t=+10869ms [Attest] (part0) pkiCommonAsk caller stack:
09-24 21:23:20.783  9950 10648 D OplusOtaTracer:     at ZXtqvLzSizvAgQNOJgN.sF.XC_MethodHook.callBeforeHookedMethod(r8-map-id-efedc8ef6b9cd7d537819847e799f758499ba1eef7352b6bb5ce6846c9bf2c4f:1)
09-24 21:23:20.783  9950 10648 D OplusOtaTracer:     at s.intercept(r8-map-id-efedc8ef6b9cd7d537819847e799f758499ba1eef7352b6bb5ce6846c9bf2c4f:36)
09-24 21:23:20.783  9950 10648 D OplusOtaTracer:     at l.proceed(r8-map-id-efedc8ef6b9cd7d537819847e799f758499ba1eef7352b6bb5ce6846c9bf2c4f:35)
09-24 21:23:20.783  9950 10648 D OplusOtaTracer:     at android.provider.Fonteep.pkiCommonAsk(Fonteep.java)
09-24 21:23:20.783  9950 10648 D OplusOtaTracer:     at com.allawn.cryptography.security.attestation.AttestationManager.generate(Unknown Source:18)
09-24 21:23:20.783  9950 10648 D OplusOtaTracer:     at com.allawn.cryptography.security.attestation.AttestationManager.generateX509V2(Unknown Source:7)
09-24 21:23:20.783  9950 10648 D OplusOtaTracer:     at com.allawn.cryptography.security.attestation.AttestationManager.generateX509(Unknown Source:0)
09-24 21:23:20.783  9950 10648 D OplusOtaTracer:     at com.oplus.ota.downloader.util.b.g(Unknown Source:51)
09-24 21:23:20.783  9950 10648 D OplusOtaTracer:     at com.oplus.ota.downloader.util.b.l(Unknown Source:19)
09-24 21:23:20.783  9950 10648 D OplusOtaTracer:     at com.oplus.ota.downloader.util.b.a(Unknown Source:87)
09-24 21:23:20.783  9950 10648 D OplusOtaTracer:     at u7.a.a(Unknown Source:128)
09-24 21:23:20.783  9950 10648 D OplusOtaTracer:     at u7.a.run(Unknown Source:27)
09-24 21:23:20.783  9950 10648 D OplusOtaTracer: seq=390 t=+10869ms [Attest] pkiCommonAsk enter arg[0]=String(len=464,shape=text,sha256:44102949130aec00) arg[1]=com.allawn.cryptography.teesdk.type.CryptoEngCmdType
09-24 21:23:20.783  9950 10648 D OplusOtaTracer: seq=391 t=+10869ms [Attest] (part0) pkiCommonAsk caller stack:
09-24 21:23:20.783  9950 10648 D OplusOtaTracer:     at ZXtqvLzSizvAgQNOJgN.sF.XC_MethodHook.callBeforeHookedMethod(r8-map-id-efedc8ef6b9cd7d537819847e799f758499ba1eef7352b6bb5ce6846c9bf2c4f:1)
09-24 21:23:20.783  9950 10648 D OplusOtaTracer:     at s.intercept(r8-map-id-efedc8ef6b9cd7d537819847e799f758499ba1eef7352b6bb5ce6846c9bf2c4f:36)
09-24 21:23:20.783  9950 10648 D OplusOtaTracer:     at l.proceed(r8-map-id-efedc8ef6b9cd7d537819847e799f758499ba1eef7352b6bb5ce6846c9bf2c4f:35)
09-24 21:23:20.783  9950 10648 D OplusOtaTracer:     at l.proceed(r8-map-id-efedc8ef6b9cd7d537819847e799f758499ba1eef7352b6bb5ce6846c9bf2c4f:149)
09-24 21:23:20.783  9950 10648 D OplusOtaTracer:     at s.intercept(r8-map-id-efedc8ef6b9cd7d537819847e799f758499ba1eef7352b6bb5ce6846c9bf2c4f:79)
09-24 21:23:20.783  9950 10648 D OplusOtaTracer:     at l.proceed(r8-map-id-efedc8ef6b9cd7d537819847e799f758499ba1eef7352b6bb5ce6846c9bf2c4f:35)
09-24 21:23:20.783  9950 10648 D OplusOtaTracer:     at android.provider.Fonteep.pkiCommonAsk(Fonteep.java)
09-24 21:23:20.783  9950 10648 D OplusOtaTracer:     at com.allawn.cryptography.security.attestation.AttestationManager.generate(Unknown Source:18)
09-24 21:23:20.783  9950 10648 D OplusOtaTracer:     at com.allawn.cryptography.security.attestation.AttestationManager.generateX509V2(Unknown Source:7)
09-24 21:23:20.783  9950 10648 D OplusOtaTracer:     at com.allawn.cryptography.security.attestation.AttestationManager.generateX509(Unknown Source:0)
09-24 21:23:20.783  9950 10648 D OplusOtaTracer:     at com.oplus.ota.downloader.util.b.g(Unknown Source:51)
09-24 21:23:20.783  9950 10648 D OplusOtaTracer:     at com.oplus.ota.downloader.util.b.l(Unknown Source:19)
09-24 21:23:20.783  9950 10648 D OplusOtaTracer: seq=392 t=+10869ms [Attest] getCode enter
09-24 21:23:20.783  9950 10648 D OplusOtaTracer: seq=393 t=+10869ms [Attest] (part0) getCode caller stack:
09-24 21:23:20.783  9950 10648 D OplusOtaTracer:     at ZXtqvLzSizvAgQNOJgN.sF.XC_MethodHook.callBeforeHookedMethod(r8-map-id-efedc8ef6b9cd7d537819847e799f758499ba1eef7352b6bb5ce6846c9bf2c4f:1)
09-24 21:23:20.783  9950 10648 D OplusOtaTracer:     at s.intercept(r8-map-id-efedc8ef6b9cd7d537819847e799f758499ba1eef7352b6bb5ce6846c9bf2c4f:36)
09-24 21:23:20.783  9950 10648 D OplusOtaTracer:     at l.proceed(r8-map-id-efedc8ef6b9cd7d537819847e799f758499ba1eef7352b6bb5ce6846c9bf2c4f:35)
09-24 21:23:20.783  9950 10648 D OplusOtaTracer:     at android.provider.Fonteep.getCode(Fonteep.java)
09-24 21:23:20.783  9950 10648 D OplusOtaTracer:     at com.allawn.cryptography.teesdk.MethodBuffer.buildBuffer(Unknown Source:4)
09-24 21:23:20.783  9950 10648 D OplusOtaTracer:     at com.allawn.cryptography.teesdk.CryptoEngCmd.pkiCommonAsk(Unknown Source:10)
09-24 21:23:20.783  9950 10648 D OplusOtaTracer:     at com.allawn.cryptography.security.attestation.AttestationManager.generate(Unknown Source:18)
09-24 21:23:20.783  9950 10648 D OplusOtaTracer:     at com.allawn.cryptography.security.attestation.AttestationManager.generateX509V2(Unknown Source:7)
09-24 21:23:20.783  9950 10648 D OplusOtaTracer:     at com.allawn.cryptography.security.attestation.AttestationManager.generateX509(Unknown Source:0)
09-24 21:23:20.783  9950 10648 D OplusOtaTracer:     at com.oplus.ota.downloader.util.b.g(Unknown Source:51)
09-24 21:23:20.783  9950 10648 D OplusOtaTracer:     at com.oplus.ota.downloader.util.b.l(Unknown Source:19)
09-24 21:23:20.783  9950 10648 D OplusOtaTracer:     at com.oplus.ota.downloader.util.b.a(Unknown Source:87)
09-24 21:23:20.783  9950 10648 D OplusOtaTracer: seq=394 t=+10869ms [Attest] getCode enter
09-24 21:23:20.783  9950 10648 D OplusOtaTracer: seq=395 t=+10869ms [Attest] (part0) getCode caller stack:
09-24 21:23:20.783  9950 10648 D OplusOtaTracer:     at ZXtqvLzSizvAgQNOJgN.sF.XC_MethodHook.callBeforeHookedMethod(r8-map-id-efedc8ef6b9cd7d537819847e799f758499ba1eef7352b6bb5ce6846c9bf2c4f:1)
09-24 21:23:20.783  9950 10648 D OplusOtaTracer:     at s.intercept(r8-map-id-efedc8ef6b9cd7d537819847e799f758499ba1eef7352b6bb5ce6846c9bf2c4f:36)
09-24 21:23:20.783  9950 10648 D OplusOtaTracer:     at l.proceed(r8-map-id-efedc8ef6b9cd7d537819847e799f758499ba1eef7352b6bb5ce6846c9bf2c4f:35)
09-24 21:23:20.783  9950 10648 D OplusOtaTracer:     at l.proceedWith(r8-map-id-efedc8ef6b9cd7d537819847e799f758499ba1eef7352b6bb5ce6846c9bf2c4f:36)
09-24 21:23:20.783  9950 10648 D OplusOtaTracer:     at s.intercept(r8-map-id-efedc8ef6b9cd7d537819847e799f758499ba1eef7352b6bb5ce6846c9bf2c4f:86)
09-24 21:23:20.783  9950 10648 D OplusOtaTracer:     at l.proceed(r8-map-id-efedc8ef6b9cd7d537819847e799f758499ba1eef7352b6bb5ce6846c9bf2c4f:35)
09-24 21:23:20.783  9950 10648 D OplusOtaTracer:     at android.provider.Fonteep.getCode(Fonteep.java)
09-24 21:23:20.783  9950 10648 D OplusOtaTracer:     at com.allawn.cryptography.teesdk.MethodBuffer.buildBuffer(Unknown Source:4)
09-24 21:23:20.783  9950 10648 D OplusOtaTracer:     at com.allawn.cryptography.teesdk.CryptoEngCmd.pkiCommonAsk(Unknown Source:10)
09-24 21:23:20.783  9950 10648 D OplusOtaTracer:     at com.allawn.cryptography.security.attestation.AttestationManager.generate(Unknown Source:18)
09-24 21:23:20.783  9950 10648 D OplusOtaTracer:     at com.allawn.cryptography.security.attestation.AttestationManager.generateX509V2(Unknown Source:7)
09-24 21:23:20.783  9950 10648 D OplusOtaTracer:     at com.allawn.cryptography.security.attestation.AttestationManager.generateX509(Unknown Source:0)
09-24 21:23:20.783  9950 10648 D OplusOtaTracer: seq=396 t=+10869ms [Attest] getCode return Integer(10015) type=java.lang.Integer isNull=false
09-24 21:23:20.783  9950 10648 D OplusOtaTracer: seq=397 t=+10869ms [Attest] getCode return Integer(10015) type=java.lang.Integer isNull=false
09-24 21:23:20.796  9950 10648 D OplusOtaTracer: seq=398 t=+10882ms [Parse] parse enter arg[0]=byte[2528]
09-24 21:23:20.796  9950 10648 D OplusOtaTracer: seq=399 t=+10882ms [Attest] get enter arg[0]=Integer(10015)
09-24 21:23:20.796  9950 10648 D OplusOtaTracer: seq=400 t=+10882ms [Attest] (part0) get caller stack:
09-24 21:23:20.796  9950 10648 D OplusOtaTracer:     at ZXtqvLzSizvAgQNOJgN.sF.XC_MethodHook.callBeforeHookedMethod(r8-map-id-efedc8ef6b9cd7d537819847e799f758499ba1eef7352b6bb5ce6846c9bf2c4f:1)
09-24 21:23:20.796  9950 10648 D OplusOtaTracer:     at s.intercept(r8-map-id-efedc8ef6b9cd7d537819847e799f758499ba1eef7352b6bb5ce6846c9bf2c4f:36)
09-24 21:23:20.796  9950 10648 D OplusOtaTracer:     at l.proceed(r8-map-id-efedc8ef6b9cd7d537819847e799f758499ba1eef7352b6bb5ce6846c9bf2c4f:35)
09-24 21:23:20.796  9950 10648 D OplusOtaTracer:     at android.provider.Fonteep.get(Fonteep.java)
09-24 21:23:20.796  9950 10648 D OplusOtaTracer:     at com.allawn.cryptography.teesdk.ResultParser.parse(Unknown Source:30)
09-24 21:23:20.796  9950 10648 D OplusOtaTracer:     at com.allawn.cryptography.teesdk.CryptoEngCmd.pkiCommonAsk(Unknown Source:18)
09-24 21:23:20.796  9950 10648 D OplusOtaTracer:     at com.allawn.cryptography.security.attestation.AttestationManager.generate(Unknown Source:18)
09-24 21:23:20.796  9950 10648 D OplusOtaTracer:     at com.allawn.cryptography.security.attestation.AttestationManager.generateX509V2(Unknown Source:7)
09-24 21:23:20.796  9950 10648 D OplusOtaTracer:     at com.allawn.cryptography.security.attestation.AttestationManager.generateX509(Unknown Source:0)
09-24 21:23:20.796  9950 10648 D OplusOtaTracer:     at com.oplus.ota.downloader.util.b.g(Unknown Source:51)
09-24 21:23:20.796  9950 10648 D OplusOtaTracer:     at com.oplus.ota.downloader.util.b.l(Unknown Source:19)
09-24 21:23:20.796  9950 10648 D OplusOtaTracer:     at com.oplus.ota.downloader.util.b.a(Unknown Source:87)
09-24 21:23:20.796  9950 10648 D OplusOtaTracer: seq=401 t=+10882ms [Attest] get enter arg[0]=Integer(10015)
09-24 21:23:20.796  9950 10648 D OplusOtaTracer: seq=402 t=+10882ms [Attest] (part0) get caller stack:
09-24 21:23:20.796  9950 10648 D OplusOtaTracer:     at ZXtqvLzSizvAgQNOJgN.sF.XC_MethodHook.callBeforeHookedMethod(r8-map-id-efedc8ef6b9cd7d537819847e799f758499ba1eef7352b6bb5ce6846c9bf2c4f:1)
09-24 21:23:20.796  9950 10648 D OplusOtaTracer:     at s.intercept(r8-map-id-efedc8ef6b9cd7d537819847e799f758499ba1eef7352b6bb5ce6846c9bf2c4f:36)
09-24 21:23:20.796  9950 10648 D OplusOtaTracer:     at l.proceed(r8-map-id-efedc8ef6b9cd7d537819847e799f758499ba1eef7352b6bb5ce6846c9bf2c4f:35)
09-24 21:23:20.796  9950 10648 D OplusOtaTracer:     at l.proceed(r8-map-id-efedc8ef6b9cd7d537819847e799f758499ba1eef7352b6bb5ce6846c9bf2c4f:149)
09-24 21:23:20.796  9950 10648 D OplusOtaTracer:     at s.intercept(r8-map-id-efedc8ef6b9cd7d537819847e799f758499ba1eef7352b6bb5ce6846c9bf2c4f:79)
09-24 21:23:20.796  9950 10648 D OplusOtaTracer:     at l.proceed(r8-map-id-efedc8ef6b9cd7d537819847e799f758499ba1eef7352b6bb5ce6846c9bf2c4f:35)
09-24 21:23:20.796  9950 10648 D OplusOtaTracer:     at android.provider.Fonteep.get(Fonteep.java)
09-24 21:23:20.796  9950 10648 D OplusOtaTracer:     at com.allawn.cryptography.teesdk.ResultParser.parse(Unknown Source:30)
09-24 21:23:20.796  9950 10648 D OplusOtaTracer:     at com.allawn.cryptography.teesdk.CryptoEngCmd.pkiCommonAsk(Unknown Source:18)
09-24 21:23:20.796  9950 10648 D OplusOtaTracer:     at com.allawn.cryptography.security.attestation.AttestationManager.generate(Unknown Source:18)
09-24 21:23:20.796  9950 10648 D OplusOtaTracer:     at com.allawn.cryptography.security.attestation.AttestationManager.generateX509V2(Unknown Source:7)
09-24 21:23:20.796  9950 10648 D OplusOtaTracer:     at com.allawn.cryptography.security.attestation.AttestationManager.generateX509(Unknown Source:0)
09-24 21:23:20.797  9950 10648 D OplusOtaTracer: seq=403 t=+10883ms [Attest] values enter
09-24 21:23:20.797  9950 10648 D OplusOtaTracer: seq=404 t=+10883ms [Attest] (part0) values caller stack:
09-24 21:23:20.797  9950 10648 D OplusOtaTracer:     at ZXtqvLzSizvAgQNOJgN.sF.XC_MethodHook.callBeforeHookedMethod(r8-map-id-efedc8ef6b9cd7d537819847e799f758499ba1eef7352b6bb5ce6846c9bf2c4f:1)
09-24 21:23:20.797  9950 10648 D OplusOtaTracer:     at s.intercept(r8-map-id-efedc8ef6b9cd7d537819847e799f758499ba1eef7352b6bb5ce6846c9bf2c4f:36)
09-24 21:23:20.797  9950 10648 D OplusOtaTracer:     at l.proceed(r8-map-id-efedc8ef6b9cd7d537819847e799f758499ba1eef7352b6bb5ce6846c9bf2c4f:35)
09-24 21:23:20.797  9950 10648 D OplusOtaTracer:     at android.provider.Fonteep.values(Fonteep.java)
09-24 21:23:20.797  9950 10648 D OplusOtaTracer:     at com.allawn.cryptography.teesdk.type.CryptoEngCmdType.get(Unknown Source:0)
09-24 21:23:20.797  9950 10648 D OplusOtaTracer:     at com.allawn.cryptography.teesdk.ResultParser.parse(Unknown Source:30)
09-24 21:23:20.797  9950 10648 D OplusOtaTracer:     at com.allawn.cryptography.teesdk.CryptoEngCmd.pkiCommonAsk(Unknown Source:18)
09-24 21:23:20.797  9950 10648 D OplusOtaTracer:     at com.allawn.cryptography.security.attestation.AttestationManager.generate(Unknown Source:18)
09-24 21:23:20.797  9950 10648 D OplusOtaTracer:     at com.allawn.cryptography.security.attestation.AttestationManager.generateX509V2(Unknown Source:7)
09-24 21:23:20.797  9950 10648 D OplusOtaTracer:     at com.allawn.cryptography.security.attestation.AttestationManager.generateX509(Unknown Source:0)
09-24 21:23:20.797  9950 10648 D OplusOtaTracer:     at com.oplus.ota.downloader.util.b.g(Unknown Source:51)
09-24 21:23:20.797  9950 10648 D OplusOtaTracer:     at com.oplus.ota.downloader.util.b.l(Unknown Source:19)
09-24 21:23:20.797  9950 10648 D OplusOtaTracer: seq=405 t=+10883ms [Attest] values enter
09-24 21:23:20.797  9950 10648 D OplusOtaTracer: seq=406 t=+10883ms [Attest] (part0) values caller stack:
09-24 21:23:20.797  9950 10648 D OplusOtaTracer:     at ZXtqvLzSizvAgQNOJgN.sF.XC_MethodHook.callBeforeHookedMethod(r8-map-id-efedc8ef6b9cd7d537819847e799f758499ba1eef7352b6bb5ce6846c9bf2c4f:1)
09-24 21:23:20.797  9950 10648 D OplusOtaTracer:     at s.intercept(r8-map-id-efedc8ef6b9cd7d537819847e799f758499ba1eef7352b6bb5ce6846c9bf2c4f:36)
09-24 21:23:20.797  9950 10648 D OplusOtaTracer:     at l.proceed(r8-map-id-efedc8ef6b9cd7d537819847e799f758499ba1eef7352b6bb5ce6846c9bf2c4f:35)
09-24 21:23:20.797  9950 10648 D OplusOtaTracer:     at l.proceed(r8-map-id-efedc8ef6b9cd7d537819847e799f758499ba1eef7352b6bb5ce6846c9bf2c4f:149)
09-24 21:23:20.797  9950 10648 D OplusOtaTracer:     at s.intercept(r8-map-id-efedc8ef6b9cd7d537819847e799f758499ba1eef7352b6bb5ce6846c9bf2c4f:79)
09-24 21:23:20.797  9950 10648 D OplusOtaTracer:     at l.proceed(r8-map-id-efedc8ef6b9cd7d537819847e799f758499ba1eef7352b6bb5ce6846c9bf2c4f:35)
09-24 21:23:20.797  9950 10648 D OplusOtaTracer:     at android.provider.Fonteep.values(Fonteep.java)
09-24 21:23:20.797  9950 10648 D OplusOtaTracer:     at com.allawn.cryptography.teesdk.type.CryptoEngCmdType.get(Unknown Source:0)
09-24 21:23:20.797  9950 10648 D OplusOtaTracer:     at com.allawn.cryptography.teesdk.ResultParser.parse(Unknown Source:30)
09-24 21:23:20.797  9950 10648 D OplusOtaTracer:     at com.allawn.cryptography.teesdk.CryptoEngCmd.pkiCommonAsk(Unknown Source:18)
09-24 21:23:20.797  9950 10648 D OplusOtaTracer:     at com.allawn.cryptography.security.attestation.AttestationManager.generate(Unknown Source:18)
09-24 21:23:20.797  9950 10648 D OplusOtaTracer:     at com.allawn.cryptography.security.attestation.AttestationManager.generateX509V2(Unknown Source:7)
09-24 21:23:20.797  9950 10648 D OplusOtaTracer: seq=407 t=+10883ms [Attest] values return [Lcom.allawn.cryptography.teesdk.type.CryptoEngCmdType; type=[Lcom.allawn.cryptography.teesdk.type.CryptoEngCmdType; isNull=false
09-24 21:23:20.797  9950 10648 D OplusOtaTracer: seq=408 t=+10883ms [Attest] values return [Lcom.allawn.cryptography.teesdk.type.CryptoEngCmdType; type=[Lcom.allawn.cryptography.teesdk.type.CryptoEngCmdType; isNull=false
09-24 21:23:20.797  9950 10648 D OplusOtaTracer: seq=409 t=+10883ms [Attest] getCode enter
09-24 21:23:20.797  9950 10648 D OplusOtaTracer: seq=410 t=+10883ms [Attest] (part0) getCode caller stack:
09-24 21:23:20.797  9950 10648 D OplusOtaTracer:     at ZXtqvLzSizvAgQNOJgN.sF.XC_MethodHook.callBeforeHookedMethod(r8-map-id-efedc8ef6b9cd7d537819847e799f758499ba1eef7352b6bb5ce6846c9bf2c4f:1)
09-24 21:23:20.797  9950 10648 D OplusOtaTracer:     at s.intercept(r8-map-id-efedc8ef6b9cd7d537819847e799f758499ba1eef7352b6bb5ce6846c9bf2c4f:36)
09-24 21:23:20.797  9950 10648 D OplusOtaTracer:     at l.proceed(r8-map-id-efedc8ef6b9cd7d537819847e799f758499ba1eef7352b6bb5ce6846c9bf2c4f:35)
09-24 21:23:20.797  9950 10648 D OplusOtaTracer:     at android.provider.Fonteep.getCode(Fonteep.java)
09-24 21:23:20.797  9950 10648 D OplusOtaTracer:     at com.allawn.cryptography.teesdk.type.CryptoEngCmdType.get(Unknown Source:10)
09-24 21:23:20.797  9950 10648 D OplusOtaTracer:     at com.allawn.cryptography.teesdk.ResultParser.parse(Unknown Source:30)
09-24 21:23:20.797  9950 10648 D OplusOtaTracer:     at com.allawn.cryptography.teesdk.CryptoEngCmd.pkiCommonAsk(Unknown Source:18)
09-24 21:23:20.797  9950 10648 D OplusOtaTracer:     at com.allawn.cryptography.security.attestation.AttestationManager.generate(Unknown Source:18)
09-24 21:23:20.797  9950 10648 D OplusOtaTracer:     at com.allawn.cryptography.security.attestation.AttestationManager.generateX509V2(Unknown Source:7)
09-24 21:23:20.797  9950 10648 D OplusOtaTracer:     at com.allawn.cryptography.security.attestation.AttestationManager.generateX509(Unknown Source:0)
09-24 21:23:20.797  9950 10648 D OplusOtaTracer:     at com.oplus.ota.downloader.util.b.g(Unknown Source:51)
09-24 21:23:20.797  9950 10648 D OplusOtaTracer:     at com.oplus.ota.downloader.util.b.l(Unknown Source:19)
09-24 21:23:20.797  9950 10648 D OplusOtaTracer: seq=411 t=+10883ms [Attest] getCode enter
09-24 21:23:20.797  9950 10648 D OplusOtaTracer: seq=412 t=+10883ms [Attest] (part0) getCode caller stack:
09-24 21:23:20.797  9950 10648 D OplusOtaTracer:     at ZXtqvLzSizvAgQNOJgN.sF.XC_MethodHook.callBeforeHookedMethod(r8-map-id-efedc8ef6b9cd7d537819847e799f758499ba1eef7352b6bb5ce6846c9bf2c4f:1)
09-24 21:23:20.797  9950 10648 D OplusOtaTracer:     at s.intercept(r8-map-id-efedc8ef6b9cd7d537819847e799f758499ba1eef7352b6bb5ce6846c9bf2c4f:36)
09-24 21:23:20.797  9950 10648 D OplusOtaTracer:     at l.proceed(r8-map-id-efedc8ef6b9cd7d537819847e799f758499ba1eef7352b6bb5ce6846c9bf2c4f:35)
09-24 21:23:20.797  9950 10648 D OplusOtaTracer:     at l.proceedWith(r8-map-id-efedc8ef6b9cd7d537819847e799f758499ba1eef7352b6bb5ce6846c9bf2c4f:36)
09-24 21:23:20.797  9950 10648 D OplusOtaTracer:     at s.intercept(r8-map-id-efedc8ef6b9cd7d537819847e799f758499ba1eef7352b6bb5ce6846c9bf2c4f:86)
09-24 21:23:20.797  9950 10648 D OplusOtaTracer:     at l.proceed(r8-map-id-efedc8ef6b9cd7d537819847e799f758499ba1eef7352b6bb5ce6846c9bf2c4f:35)
09-24 21:23:20.797  9950 10648 D OplusOtaTracer:     at android.provider.Fonteep.getCode(Fonteep.java)
09-24 21:23:20.797  9950 10648 D OplusOtaTracer:     at com.allawn.cryptography.teesdk.type.CryptoEngCmdType.get(Unknown Source:10)
09-24 21:23:20.797  9950 10648 D OplusOtaTracer:     at com.allawn.cryptography.teesdk.ResultParser.parse(Unknown Source:30)
09-24 21:23:20.797  9950 10648 D OplusOtaTracer:     at com.allawn.cryptography.teesdk.CryptoEngCmd.pkiCommonAsk(Unknown Source:18)
09-24 21:23:20.797  9950 10648 D OplusOtaTracer:     at com.allawn.cryptography.security.attestation.AttestationManager.generate(Unknown Source:18)
09-24 21:23:20.797  9950 10648 D OplusOtaTracer:     at com.allawn.cryptography.security.attestation.AttestationManager.generateX509V2(Unknown Source:7)
09-24 21:23:20.797  9950 10648 D OplusOtaTracer: seq=413 t=+10883ms [Attest] getCode return Integer(25) type=java.lang.Integer isNull=false
09-24 21:23:20.797  9950 10648 D OplusOtaTracer: seq=414 t=+10883ms [Attest] getCode return Integer(25) type=java.lang.Integer isNull=false
09-24 21:23:20.797  9950 10648 D OplusOtaTracer: seq=415 t=+10883ms [Attest] getCode enter
09-24 21:23:20.797  9950 10648 D OplusOtaTracer: seq=416 t=+10883ms [Attest] (part0) getCode caller stack:
09-24 21:23:20.797  9950 10648 D OplusOtaTracer:     at ZXtqvLzSizvAgQNOJgN.sF.XC_MethodHook.callBeforeHookedMethod(r8-map-id-efedc8ef6b9cd7d537819847e799f758499ba1eef7352b6bb5ce6846c9bf2c4f:1)
09-24 21:23:20.797  9950 10648 D OplusOtaTracer:     at s.intercept(r8-map-id-efedc8ef6b9cd7d537819847e799f758499ba1eef7352b6bb5ce6846c9bf2c4f:36)
09-24 21:23:20.797  9950 10648 D OplusOtaTracer:     at l.proceed(r8-map-id-efedc8ef6b9cd7d537819847e799f758499ba1eef7352b6bb5ce6846c9bf2c4f:35)
09-24 21:23:20.797  9950 10648 D OplusOtaTracer:     at android.provider.Fonteep.getCode(Fonteep.java)
09-24 21:23:20.797  9950 10648 D OplusOtaTracer:     at com.allawn.cryptography.teesdk.type.CryptoEngCmdType.get(Unknown Source:10)
09-24 21:23:20.797  9950 10648 D OplusOtaTracer:     at com.allawn.cryptography.teesdk.ResultParser.parse(Unknown Source:30)
09-24 21:23:20.797  9950 10648 D OplusOtaTracer:     at com.allawn.cryptography.teesdk.CryptoEngCmd.pkiCommonAsk(Unknown Source:18)
09-24 21:23:20.797  9950 10648 D OplusOtaTracer:     at com.allawn.cryptography.security.attestation.AttestationManager.generate(Unknown Source:18)
09-24 21:23:20.797  9950 10648 D OplusOtaTracer:     at com.allawn.cryptography.security.attestation.AttestationManager.generateX509V2(Unknown Source:7)
09-24 21:23:20.797  9950 10648 D OplusOtaTracer:     at com.allawn.cryptography.security.attestation.AttestationManager.generateX509(Unknown Source:0)
09-24 21:23:20.797  9950 10648 D OplusOtaTracer:     at com.oplus.ota.downloader.util.b.g(Unknown Source:51)
09-24 21:23:20.797  9950 10648 D OplusOtaTracer:     at com.oplus.ota.downloader.util.b.l(Unknown Source:19)
09-24 21:23:20.797  9950 10648 D OplusOtaTracer: seq=417 t=+10883ms [Attest] getCode enter
09-24 21:23:20.798  9950 10648 D OplusOtaTracer: seq=418 t=+10884ms [Attest] (part0) getCode caller stack:
09-24 21:23:20.798  9950 10648 D OplusOtaTracer:     at ZXtqvLzSizvAgQNOJgN.sF.XC_MethodHook.callBeforeHookedMethod(r8-map-id-efedc8ef6b9cd7d537819847e799f758499ba1eef7352b6bb5ce6846c9bf2c4f:1)
09-24 21:23:20.798  9950 10648 D OplusOtaTracer:     at s.intercept(r8-map-id-efedc8ef6b9cd7d537819847e799f758499ba1eef7352b6bb5ce6846c9bf2c4f:36)
09-24 21:23:20.798  9950 10648 D OplusOtaTracer:     at l.proceed(r8-map-id-efedc8ef6b9cd7d537819847e799f758499ba1eef7352b6bb5ce6846c9bf2c4f:35)
09-24 21:23:20.798  9950 10648 D OplusOtaTracer:     at l.proceedWith(r8-map-id-efedc8ef6b9cd7d537819847e799f758499ba1eef7352b6bb5ce6846c9bf2c4f:36)
09-24 21:23:20.798  9950 10648 D OplusOtaTracer:     at s.intercept(r8-map-id-efedc8ef6b9cd7d537819847e799f758499ba1eef7352b6bb5ce6846c9bf2c4f:86)
09-24 21:23:20.798  9950 10648 D OplusOtaTracer:     at l.proceed(r8-map-id-efedc8ef6b9cd7d537819847e799f758499ba1eef7352b6bb5ce6846c9bf2c4f:35)
09-24 21:23:20.798  9950 10648 D OplusOtaTracer:     at android.provider.Fonteep.getCode(Fonteep.java)
09-24 21:23:20.798  9950 10648 D OplusOtaTracer:     at com.allawn.cryptography.teesdk.type.CryptoEngCmdType.get(Unknown Source:10)
09-24 21:23:20.798  9950 10648 D OplusOtaTracer:     at com.allawn.cryptography.teesdk.ResultParser.parse(Unknown Source:30)
09-24 21:23:20.798  9950 10648 D OplusOtaTracer:     at com.allawn.cryptography.teesdk.CryptoEngCmd.pkiCommonAsk(Unknown Source:18)
09-24 21:23:20.798  9950 10648 D OplusOtaTracer:     at com.allawn.cryptography.security.attestation.AttestationManager.generate(Unknown Source:18)
09-24 21:23:20.798  9950 10648 D OplusOtaTracer:     at com.allawn.cryptography.security.attestation.AttestationManager.generateX509V2(Unknown Source:7)
09-24 21:23:20.798  9950 10648 D OplusOtaTracer: seq=419 t=+10884ms [Attest] getCode return Integer(30) type=java.lang.Integer isNull=false
09-24 21:23:20.798  9950 10648 D OplusOtaTracer: seq=420 t=+10884ms [Attest] getCode return Integer(30) type=java.lang.Integer isNull=false
09-24 21:23:20.798  9950 10648 D OplusOtaTracer: seq=421 t=+10884ms [Attest] getCode enter
09-24 21:23:20.798  9950 10648 D OplusOtaTracer: seq=422 t=+10884ms [Attest] (part0) getCode caller stack:
09-24 21:23:20.798  9950 10648 D OplusOtaTracer:     at ZXtqvLzSizvAgQNOJgN.sF.XC_MethodHook.callBeforeHookedMethod(r8-map-id-efedc8ef6b9cd7d537819847e799f758499ba1eef7352b6bb5ce6846c9bf2c4f:1)
09-24 21:23:20.798  9950 10648 D OplusOtaTracer:     at s.intercept(r8-map-id-efedc8ef6b9cd7d537819847e799f758499ba1eef7352b6bb5ce6846c9bf2c4f:36)
09-24 21:23:20.798  9950 10648 D OplusOtaTracer:     at l.proceed(r8-map-id-efedc8ef6b9cd7d537819847e799f758499ba1eef7352b6bb5ce6846c9bf2c4f:35)
09-24 21:23:20.798  9950 10648 D OplusOtaTracer:     at android.provider.Fonteep.getCode(Fonteep.java)
09-24 21:23:20.798  9950 10648 D OplusOtaTracer:     at com.allawn.cryptography.teesdk.type.CryptoEngCmdType.get(Unknown Source:10)
09-24 21:23:20.798  9950 10648 D OplusOtaTracer:     at com.allawn.cryptography.teesdk.ResultParser.parse(Unknown Source:30)
09-24 21:23:20.798  9950 10648 D OplusOtaTracer:     at com.allawn.cryptography.teesdk.CryptoEngCmd.pkiCommonAsk(Unknown Source:18)
09-24 21:23:20.798  9950 10648 D OplusOtaTracer:     at com.allawn.cryptography.security.attestation.AttestationManager.generate(Unknown Source:18)
09-24 21:23:20.798  9950 10648 D OplusOtaTracer:     at com.allawn.cryptography.security.attestation.AttestationManager.generateX509V2(Unknown Source:7)
09-24 21:23:20.798  9950 10648 D OplusOtaTracer:     at com.allawn.cryptography.security.attestation.AttestationManager.generateX509(Unknown Source:0)
09-24 21:23:20.798  9950 10648 D OplusOtaTracer:     at com.oplus.ota.downloader.util.b.g(Unknown Source:51)
09-24 21:23:20.798  9950 10648 D OplusOtaTracer:     at com.oplus.ota.downloader.util.b.l(Unknown Source:19)
09-24 21:23:20.798  9950 10648 D OplusOtaTracer: seq=423 t=+10884ms [Attest] getCode enter
09-24 21:23:20.798  9950 10648 D OplusOtaTracer: seq=424 t=+10884ms [Attest] (part0) getCode caller stack:
09-24 21:23:20.798  9950 10648 D OplusOtaTracer:     at ZXtqvLzSizvAgQNOJgN.sF.XC_MethodHook.callBeforeHookedMethod(r8-map-id-efedc8ef6b9cd7d537819847e799f758499ba1eef7352b6bb5ce6846c9bf2c4f:1)
09-24 21:23:20.798  9950 10648 D OplusOtaTracer:     at s.intercept(r8-map-id-efedc8ef6b9cd7d537819847e799f758499ba1eef7352b6bb5ce6846c9bf2c4f:36)
09-24 21:23:20.798  9950 10648 D OplusOtaTracer:     at l.proceed(r8-map-id-efedc8ef6b9cd7d537819847e799f758499ba1eef7352b6bb5ce6846c9bf2c4f:35)
09-24 21:23:20.798  9950 10648 D OplusOtaTracer:     at l.proceedWith(r8-map-id-efedc8ef6b9cd7d537819847e799f758499ba1eef7352b6bb5ce6846c9bf2c4f:36)
09-24 21:23:20.798  9950 10648 D OplusOtaTracer:     at s.intercept(r8-map-id-efedc8ef6b9cd7d537819847e799f758499ba1eef7352b6bb5ce6846c9bf2c4f:86)
09-24 21:23:20.798  9950 10648 D OplusOtaTracer:     at l.proceed(r8-map-id-efedc8ef6b9cd7d537819847e799f758499ba1eef7352b6bb5ce6846c9bf2c4f:35)
09-24 21:23:20.798  9950 10648 D OplusOtaTracer:     at android.provider.Fonteep.getCode(Fonteep.java)
09-24 21:23:20.798  9950 10648 D OplusOtaTracer:     at com.allawn.cryptography.teesdk.type.CryptoEngCmdType.get(Unknown Source:10)
09-24 21:23:20.798  9950 10648 D OplusOtaTracer:     at com.allawn.cryptography.teesdk.ResultParser.parse(Unknown Source:30)
09-24 21:23:20.798  9950 10648 D OplusOtaTracer:     at com.allawn.cryptography.teesdk.CryptoEngCmd.pkiCommonAsk(Unknown Source:18)
09-24 21:23:20.798  9950 10648 D OplusOtaTracer:     at com.allawn.cryptography.security.attestation.AttestationManager.generate(Unknown Source:18)
09-24 21:23:20.798  9950 10648 D OplusOtaTracer:     at com.allawn.cryptography.security.attestation.AttestationManager.generateX509V2(Unknown Source:7)
09-24 21:23:20.798  9950 10648 D OplusOtaTracer: seq=425 t=+10884ms [Attest] getCode return Integer(10000) type=java.lang.Integer isNull=false
09-24 21:23:20.798  9950 10648 D OplusOtaTracer: seq=426 t=+10884ms [Attest] getCode return Integer(10000) type=java.lang.Integer isNull=false
09-24 21:23:20.798  9950 10648 D OplusOtaTracer: seq=427 t=+10884ms [Attest] getCode enter
09-24 21:23:20.798  9950 10648 D OplusOtaTracer: seq=428 t=+10884ms [Attest] (part0) getCode caller stack:
09-24 21:23:20.798  9950 10648 D OplusOtaTracer:     at ZXtqvLzSizvAgQNOJgN.sF.XC_MethodHook.callBeforeHookedMethod(r8-map-id-efedc8ef6b9cd7d537819847e799f758499ba1eef7352b6bb5ce6846c9bf2c4f:1)
09-24 21:23:20.798  9950 10648 D OplusOtaTracer:     at s.intercept(r8-map-id-efedc8ef6b9cd7d537819847e799f758499ba1eef7352b6bb5ce6846c9bf2c4f:36)
09-24 21:23:20.798  9950 10648 D OplusOtaTracer:     at l.proceed(r8-map-id-efedc8ef6b9cd7d537819847e799f758499ba1eef7352b6bb5ce6846c9bf2c4f:35)
09-24 21:23:20.798  9950 10648 D OplusOtaTracer:     at android.provider.Fonteep.getCode(Fonteep.java)
09-24 21:23:20.798  9950 10648 D OplusOtaTracer:     at com.allawn.cryptography.teesdk.type.CryptoEngCmdType.get(Unknown Source:10)
09-24 21:23:20.798  9950 10648 D OplusOtaTracer:     at com.allawn.cryptography.teesdk.ResultParser.parse(Unknown Source:30)
09-24 21:23:20.798  9950 10648 D OplusOtaTracer:     at com.allawn.cryptography.teesdk.CryptoEngCmd.pkiCommonAsk(Unknown Source:18)
09-24 21:23:20.798  9950 10648 D OplusOtaTracer:     at com.allawn.cryptography.security.attestation.AttestationManager.generate(Unknown Source:18)
09-24 21:23:20.798  9950 10648 D OplusOtaTracer:     at com.allawn.cryptography.security.attestation.AttestationManager.generateX509V2(Unknown Source:7)
09-24 21:23:20.798  9950 10648 D OplusOtaTracer:     at com.allawn.cryptography.security.attestation.AttestationManager.generateX509(Unknown Source:0)
09-24 21:23:20.798  9950 10648 D OplusOtaTracer:     at com.oplus.ota.downloader.util.b.g(Unknown Source:51)
09-24 21:23:20.798  9950 10648 D OplusOtaTracer:     at com.oplus.ota.downloader.util.b.l(Unknown Source:19)
09-24 21:23:20.798  9950 10648 D OplusOtaTracer: seq=429 t=+10884ms [Attest] getCode enter
09-24 21:23:20.798  9950 10648 D OplusOtaTracer: seq=430 t=+10884ms [Attest] (part0) getCode caller stack:
09-24 21:23:20.798  9950 10648 D OplusOtaTracer:     at ZXtqvLzSizvAgQNOJgN.sF.XC_MethodHook.callBeforeHookedMethod(r8-map-id-efedc8ef6b9cd7d537819847e799f758499ba1eef7352b6bb5ce6846c9bf2c4f:1)
09-24 21:23:20.798  9950 10648 D OplusOtaTracer:     at s.intercept(r8-map-id-efedc8ef6b9cd7d537819847e799f758499ba1eef7352b6bb5ce6846c9bf2c4f:36)
09-24 21:23:20.798  9950 10648 D OplusOtaTracer:     at l.proceed(r8-map-id-efedc8ef6b9cd7d537819847e799f758499ba1eef7352b6bb5ce6846c9bf2c4f:35)
09-24 21:23:20.798  9950 10648 D OplusOtaTracer:     at l.proceedWith(r8-map-id-efedc8ef6b9cd7d537819847e799f758499ba1eef7352b6bb5ce6846c9bf2c4f:36)
09-24 21:23:20.798  9950 10648 D OplusOtaTracer:     at s.intercept(r8-map-id-efedc8ef6b9cd7d537819847e799f758499ba1eef7352b6bb5ce6846c9bf2c4f:86)
09-24 21:23:20.798  9950 10648 D OplusOtaTracer:     at l.proceed(r8-map-id-efedc8ef6b9cd7d537819847e799f758499ba1eef7352b6bb5ce6846c9bf2c4f:35)
09-24 21:23:20.798  9950 10648 D OplusOtaTracer:     at android.provider.Fonteep.getCode(Fonteep.java)
09-24 21:23:20.798  9950 10648 D OplusOtaTracer:     at com.allawn.cryptography.teesdk.type.CryptoEngCmdType.get(Unknown Source:10)
09-24 21:23:20.798  9950 10648 D OplusOtaTracer:     at com.allawn.cryptography.teesdk.ResultParser.parse(Unknown Source:30)
09-24 21:23:20.798  9950 10648 D OplusOtaTracer:     at com.allawn.cryptography.teesdk.CryptoEngCmd.pkiCommonAsk(Unknown Source:18)
09-24 21:23:20.798  9950 10648 D OplusOtaTracer:     at com.allawn.cryptography.security.attestation.AttestationManager.generate(Unknown Source:18)
09-24 21:23:20.798  9950 10648 D OplusOtaTracer:     at com.allawn.cryptography.security.attestation.AttestationManager.generateX509V2(Unknown Source:7)
09-24 21:23:20.798  9950 10648 D OplusOtaTracer: seq=431 t=+10884ms [Attest] getCode return Integer(10001) type=java.lang.Integer isNull=false
09-24 21:23:20.798  9950 10648 D OplusOtaTracer: seq=432 t=+10884ms [Attest] getCode return Integer(10001) type=java.lang.Integer isNull=false
09-24 21:23:20.798  9950 10648 D OplusOtaTracer: seq=433 t=+10884ms [Attest] getCode enter
09-24 21:23:20.799  9950 10648 D OplusOtaTracer: seq=434 t=+10885ms [Attest] (part0) getCode caller stack:
09-24 21:23:20.799  9950 10648 D OplusOtaTracer:     at ZXtqvLzSizvAgQNOJgN.sF.XC_MethodHook.callBeforeHookedMethod(r8-map-id-efedc8ef6b9cd7d537819847e799f758499ba1eef7352b6bb5ce6846c9bf2c4f:1)
09-24 21:23:20.799  9950 10648 D OplusOtaTracer:     at s.intercept(r8-map-id-efedc8ef6b9cd7d537819847e799f758499ba1eef7352b6bb5ce6846c9bf2c4f:36)
09-24 21:23:20.799  9950 10648 D OplusOtaTracer:     at l.proceed(r8-map-id-efedc8ef6b9cd7d537819847e799f758499ba1eef7352b6bb5ce6846c9bf2c4f:35)
09-24 21:23:20.799  9950 10648 D OplusOtaTracer:     at android.provider.Fonteep.getCode(Fonteep.java)
09-24 21:23:20.799  9950 10648 D OplusOtaTracer:     at com.allawn.cryptography.teesdk.type.CryptoEngCmdType.get(Unknown Source:10)
09-24 21:23:20.799  9950 10648 D OplusOtaTracer:     at com.allawn.cryptography.teesdk.ResultParser.parse(Unknown Source:30)
09-24 21:23:20.799  9950 10648 D OplusOtaTracer:     at com.allawn.cryptography.teesdk.CryptoEngCmd.pkiCommonAsk(Unknown Source:18)
09-24 21:23:20.799  9950 10648 D OplusOtaTracer:     at com.allawn.cryptography.security.attestation.AttestationManager.generate(Unknown Source:18)
09-24 21:23:20.799  9950 10648 D OplusOtaTracer:     at com.allawn.cryptography.security.attestation.AttestationManager.generateX509V2(Unknown Source:7)
09-24 21:23:20.799  9950 10648 D OplusOtaTracer:     at com.allawn.cryptography.security.attestation.AttestationManager.generateX509(Unknown Source:0)
09-24 21:23:20.799  9950 10648 D OplusOtaTracer:     at com.oplus.ota.downloader.util.b.g(Unknown Source:51)
09-24 21:23:20.799  9950 10648 D OplusOtaTracer:     at com.oplus.ota.downloader.util.b.l(Unknown Source:19)
09-24 21:23:20.799  9950 10648 D OplusOtaTracer: seq=435 t=+10885ms [Attest] getCode enter
09-24 21:23:20.799  9950 10648 D OplusOtaTracer: seq=436 t=+10885ms [Attest] (part0) getCode caller stack:
09-24 21:23:20.799  9950 10648 D OplusOtaTracer:     at ZXtqvLzSizvAgQNOJgN.sF.XC_MethodHook.callBeforeHookedMethod(r8-map-id-efedc8ef6b9cd7d537819847e799f758499ba1eef7352b6bb5ce6846c9bf2c4f:1)
09-24 21:23:20.799  9950 10648 D OplusOtaTracer:     at s.intercept(r8-map-id-efedc8ef6b9cd7d537819847e799f758499ba1eef7352b6bb5ce6846c9bf2c4f:36)
09-24 21:23:20.799  9950 10648 D OplusOtaTracer:     at l.proceed(r8-map-id-efedc8ef6b9cd7d537819847e799f758499ba1eef7352b6bb5ce6846c9bf2c4f:35)
09-24 21:23:20.799  9950 10648 D OplusOtaTracer:     at l.proceedWith(r8-map-id-efedc8ef6b9cd7d537819847e799f758499ba1eef7352b6bb5ce6846c9bf2c4f:36)
09-24 21:23:20.799  9950 10648 D OplusOtaTracer:     at s.intercept(r8-map-id-efedc8ef6b9cd7d537819847e799f758499ba1eef7352b6bb5ce6846c9bf2c4f:86)
09-24 21:23:20.799  9950 10648 D OplusOtaTracer:     at l.proceed(r8-map-id-efedc8ef6b9cd7d537819847e799f758499ba1eef7352b6bb5ce6846c9bf2c4f:35)
09-24 21:23:20.799  9950 10648 D OplusOtaTracer:     at android.provider.Fonteep.getCode(Fonteep.java)
09-24 21:23:20.799  9950 10648 D OplusOtaTracer:     at com.allawn.cryptography.teesdk.type.CryptoEngCmdType.get(Unknown Source:10)
09-24 21:23:20.799  9950 10648 D OplusOtaTracer:     at com.allawn.cryptography.teesdk.ResultParser.parse(Unknown Source:30)
09-24 21:23:20.799  9950 10648 D OplusOtaTracer:     at com.allawn.cryptography.teesdk.CryptoEngCmd.pkiCommonAsk(Unknown Source:18)
09-24 21:23:20.799  9950 10648 D OplusOtaTracer:     at com.allawn.cryptography.security.attestation.AttestationManager.generate(Unknown Source:18)
09-24 21:23:20.799  9950 10648 D OplusOtaTracer:     at com.allawn.cryptography.security.attestation.AttestationManager.generateX509V2(Unknown Source:7)
09-24 21:23:20.799  9950 10648 D OplusOtaTracer: seq=437 t=+10885ms [Attest] getCode return Integer(10002) type=java.lang.Integer isNull=false
09-24 21:23:20.799  9950 10648 D OplusOtaTracer: seq=438 t=+10885ms [Attest] getCode return Integer(10002) type=java.lang.Integer isNull=false
09-24 21:23:20.799  9950 10648 D OplusOtaTracer: seq=439 t=+10885ms [Attest] getCode enter
09-24 21:23:20.799  9950 10648 D OplusOtaTracer: seq=440 t=+10885ms [Attest] (part0) getCode caller stack:
09-24 21:23:20.799  9950 10648 D OplusOtaTracer:     at ZXtqvLzSizvAgQNOJgN.sF.XC_MethodHook.callBeforeHookedMethod(r8-map-id-efedc8ef6b9cd7d537819847e799f758499ba1eef7352b6bb5ce6846c9bf2c4f:1)
09-24 21:23:20.799  9950 10648 D OplusOtaTracer:     at s.intercept(r8-map-id-efedc8ef6b9cd7d537819847e799f758499ba1eef7352b6bb5ce6846c9bf2c4f:36)
09-24 21:23:20.799  9950 10648 D OplusOtaTracer:     at l.proceed(r8-map-id-efedc8ef6b9cd7d537819847e799f758499ba1eef7352b6bb5ce6846c9bf2c4f:35)
09-24 21:23:20.799  9950 10648 D OplusOtaTracer:     at android.provider.Fonteep.getCode(Fonteep.java)
09-24 21:23:20.799  9950 10648 D OplusOtaTracer:     at com.allawn.cryptography.teesdk.type.CryptoEngCmdType.get(Unknown Source:10)
09-24 21:23:20.799  9950 10648 D OplusOtaTracer:     at com.allawn.cryptography.teesdk.ResultParser.parse(Unknown Source:30)
09-24 21:23:20.799  9950 10648 D OplusOtaTracer:     at com.allawn.cryptography.teesdk.CryptoEngCmd.pkiCommonAsk(Unknown Source:18)
09-24 21:23:20.799  9950 10648 D OplusOtaTracer:     at com.allawn.cryptography.security.attestation.AttestationManager.generate(Unknown Source:18)
09-24 21:23:20.799  9950 10648 D OplusOtaTracer:     at com.allawn.cryptography.security.attestation.AttestationManager.generateX509V2(Unknown Source:7)
09-24 21:23:20.799  9950 10648 D OplusOtaTracer:     at com.allawn.cryptography.security.attestation.AttestationManager.generateX509(Unknown Source:0)
09-24 21:23:20.799  9950 10648 D OplusOtaTracer:     at com.oplus.ota.downloader.util.b.g(Unknown Source:51)
09-24 21:23:20.799  9950 10648 D OplusOtaTracer:     at com.oplus.ota.downloader.util.b.l(Unknown Source:19)
09-24 21:23:20.799  9950 10648 D OplusOtaTracer: seq=441 t=+10885ms [Attest] getCode enter
09-24 21:23:20.799  9950 10648 D OplusOtaTracer: seq=442 t=+10885ms [Attest] (part0) getCode caller stack:
09-24 21:23:20.799  9950 10648 D OplusOtaTracer:     at ZXtqvLzSizvAgQNOJgN.sF.XC_MethodHook.callBeforeHookedMethod(r8-map-id-efedc8ef6b9cd7d537819847e799f758499ba1eef7352b6bb5ce6846c9bf2c4f:1)
09-24 21:23:20.799  9950 10648 D OplusOtaTracer:     at s.intercept(r8-map-id-efedc8ef6b9cd7d537819847e799f758499ba1eef7352b6bb5ce6846c9bf2c4f:36)
09-24 21:23:20.799  9950 10648 D OplusOtaTracer:     at l.proceed(r8-map-id-efedc8ef6b9cd7d537819847e799f758499ba1eef7352b6bb5ce6846c9bf2c4f:35)
09-24 21:23:20.799  9950 10648 D OplusOtaTracer:     at l.proceedWith(r8-map-id-efedc8ef6b9cd7d537819847e799f758499ba1eef7352b6bb5ce6846c9bf2c4f:36)
09-24 21:23:20.799  9950 10648 D OplusOtaTracer:     at s.intercept(r8-map-id-efedc8ef6b9cd7d537819847e799f758499ba1eef7352b6bb5ce6846c9bf2c4f:86)
09-24 21:23:20.799  9950 10648 D OplusOtaTracer:     at l.proceed(r8-map-id-efedc8ef6b9cd7d537819847e799f758499ba1eef7352b6bb5ce6846c9bf2c4f:35)
09-24 21:23:20.799  9950 10648 D OplusOtaTracer:     at android.provider.Fonteep.getCode(Fonteep.java)
09-24 21:23:20.799  9950 10648 D OplusOtaTracer:     at com.allawn.cryptography.teesdk.type.CryptoEngCmdType.get(Unknown Source:10)
09-24 21:23:20.799  9950 10648 D OplusOtaTracer:     at com.allawn.cryptography.teesdk.ResultParser.parse(Unknown Source:30)
09-24 21:23:20.799  9950 10648 D OplusOtaTracer:     at com.allawn.cryptography.teesdk.CryptoEngCmd.pkiCommonAsk(Unknown Source:18)
09-24 21:23:20.799  9950 10648 D OplusOtaTracer:     at com.allawn.cryptography.security.attestation.AttestationManager.generate(Unknown Source:18)
09-24 21:23:20.799  9950 10648 D OplusOtaTracer:     at com.allawn.cryptography.security.attestation.AttestationManager.generateX509V2(Unknown Source:7)
09-24 21:23:20.799  9950 10648 D OplusOtaTracer: seq=443 t=+10885ms [Attest] getCode return Integer(10003) type=java.lang.Integer isNull=false
09-24 21:23:20.799  9950 10648 D OplusOtaTracer: seq=444 t=+10885ms [Attest] getCode return Integer(10003) type=java.lang.Integer isNull=false
09-24 21:23:20.799  9950 10648 D OplusOtaTracer: seq=445 t=+10885ms [Attest] getCode enter
09-24 21:23:20.799  9950 10648 D OplusOtaTracer: seq=446 t=+10885ms [Attest] (part0) getCode caller stack:
09-24 21:23:20.799  9950 10648 D OplusOtaTracer:     at ZXtqvLzSizvAgQNOJgN.sF.XC_MethodHook.callBeforeHookedMethod(r8-map-id-efedc8ef6b9cd7d537819847e799f758499ba1eef7352b6bb5ce6846c9bf2c4f:1)
09-24 21:23:20.799  9950 10648 D OplusOtaTracer:     at s.intercept(r8-map-id-efedc8ef6b9cd7d537819847e799f758499ba1eef7352b6bb5ce6846c9bf2c4f:36)
09-24 21:23:20.799  9950 10648 D OplusOtaTracer:     at l.proceed(r8-map-id-efedc8ef6b9cd7d537819847e799f758499ba1eef7352b6bb5ce6846c9bf2c4f:35)
09-24 21:23:20.799  9950 10648 D OplusOtaTracer:     at android.provider.Fonteep.getCode(Fonteep.java)
09-24 21:23:20.799  9950 10648 D OplusOtaTracer:     at com.allawn.cryptography.teesdk.type.CryptoEngCmdType.get(Unknown Source:10)
09-24 21:23:20.799  9950 10648 D OplusOtaTracer:     at com.allawn.cryptography.teesdk.ResultParser.parse(Unknown Source:30)
09-24 21:23:20.799  9950 10648 D OplusOtaTracer:     at com.allawn.cryptography.teesdk.CryptoEngCmd.pkiCommonAsk(Unknown Source:18)
09-24 21:23:20.799  9950 10648 D OplusOtaTracer:     at com.allawn.cryptography.security.attestation.AttestationManager.generate(Unknown Source:18)
09-24 21:23:20.799  9950 10648 D OplusOtaTracer:     at com.allawn.cryptography.security.attestation.AttestationManager.generateX509V2(Unknown Source:7)
09-24 21:23:20.799  9950 10648 D OplusOtaTracer:     at com.allawn.cryptography.security.attestation.AttestationManager.generateX509(Unknown Source:0)
09-24 21:23:20.799  9950 10648 D OplusOtaTracer:     at com.oplus.ota.downloader.util.b.g(Unknown Source:51)
09-24 21:23:20.799  9950 10648 D OplusOtaTracer:     at com.oplus.ota.downloader.util.b.l(Unknown Source:19)
09-24 21:23:20.799  9950 10648 D OplusOtaTracer: seq=447 t=+10885ms [Attest] getCode enter
09-24 21:23:20.799  9950 10648 D OplusOtaTracer: seq=448 t=+10885ms [Attest] (part0) getCode caller stack:
09-24 21:23:20.799  9950 10648 D OplusOtaTracer:     at ZXtqvLzSizvAgQNOJgN.sF.XC_MethodHook.callBeforeHookedMethod(r8-map-id-efedc8ef6b9cd7d537819847e799f758499ba1eef7352b6bb5ce6846c9bf2c4f:1)
09-24 21:23:20.799  9950 10648 D OplusOtaTracer:     at s.intercept(r8-map-id-efedc8ef6b9cd7d537819847e799f758499ba1eef7352b6bb5ce6846c9bf2c4f:36)
09-24 21:23:20.799  9950 10648 D OplusOtaTracer:     at l.proceed(r8-map-id-efedc8ef6b9cd7d537819847e799f758499ba1eef7352b6bb5ce6846c9bf2c4f:35)
09-24 21:23:20.799  9950 10648 D OplusOtaTracer:     at l.proceedWith(r8-map-id-efedc8ef6b9cd7d537819847e799f758499ba1eef7352b6bb5ce6846c9bf2c4f:36)
09-24 21:23:20.799  9950 10648 D OplusOtaTracer:     at s.intercept(r8-map-id-efedc8ef6b9cd7d537819847e799f758499ba1eef7352b6bb5ce6846c9bf2c4f:86)
09-24 21:23:20.799  9950 10648 D OplusOtaTracer:     at l.proceed(r8-map-id-efedc8ef6b9cd7d537819847e799f758499ba1eef7352b6bb5ce6846c9bf2c4f:35)
09-24 21:23:20.799  9950 10648 D OplusOtaTracer:     at android.provider.Fonteep.getCode(Fonteep.java)
09-24 21:23:20.799  9950 10648 D OplusOtaTracer:     at com.allawn.cryptography.teesdk.type.CryptoEngCmdType.get(Unknown Source:10)
09-24 21:23:20.799  9950 10648 D OplusOtaTracer:     at com.allawn.cryptography.teesdk.ResultParser.parse(Unknown Source:30)
09-24 21:23:20.799  9950 10648 D OplusOtaTracer:     at com.allawn.cryptography.teesdk.CryptoEngCmd.pkiCommonAsk(Unknown Source:18)
09-24 21:23:20.799  9950 10648 D OplusOtaTracer:     at com.allawn.cryptography.security.attestation.AttestationManager.generate(Unknown Source:18)
09-24 21:23:20.799  9950 10648 D OplusOtaTracer:     at com.allawn.cryptography.security.attestation.AttestationManager.generateX509V2(Unknown Source:7)
09-24 21:23:20.799  9950 10648 D OplusOtaTracer: seq=449 t=+10885ms [Attest] getCode return Integer(10004) type=java.lang.Integer isNull=false
09-24 21:23:20.799  9950 10648 D OplusOtaTracer: seq=450 t=+10885ms [Attest] getCode return Integer(10004) type=java.lang.Integer isNull=false
09-24 21:23:20.799  9950 10648 D OplusOtaTracer: seq=451 t=+10885ms [Attest] getCode enter
09-24 21:23:20.800  9950 10648 D OplusOtaTracer: seq=452 t=+10886ms [Attest] (part0) getCode caller stack:
09-24 21:23:20.800  9950 10648 D OplusOtaTracer:     at ZXtqvLzSizvAgQNOJgN.sF.XC_MethodHook.callBeforeHookedMethod(r8-map-id-efedc8ef6b9cd7d537819847e799f758499ba1eef7352b6bb5ce6846c9bf2c4f:1)
09-24 21:23:20.800  9950 10648 D OplusOtaTracer:     at s.intercept(r8-map-id-efedc8ef6b9cd7d537819847e799f758499ba1eef7352b6bb5ce6846c9bf2c4f:36)
09-24 21:23:20.800  9950 10648 D OplusOtaTracer:     at l.proceed(r8-map-id-efedc8ef6b9cd7d537819847e799f758499ba1eef7352b6bb5ce6846c9bf2c4f:35)
09-24 21:23:20.800  9950 10648 D OplusOtaTracer:     at android.provider.Fonteep.getCode(Fonteep.java)
09-24 21:23:20.800  9950 10648 D OplusOtaTracer:     at com.allawn.cryptography.teesdk.type.CryptoEngCmdType.get(Unknown Source:10)
09-24 21:23:20.800  9950 10648 D OplusOtaTracer:     at com.allawn.cryptography.teesdk.ResultParser.parse(Unknown Source:30)
09-24 21:23:20.800  9950 10648 D OplusOtaTracer:     at com.allawn.cryptography.teesdk.CryptoEngCmd.pkiCommonAsk(Unknown Source:18)
09-24 21:23:20.800  9950 10648 D OplusOtaTracer:     at com.allawn.cryptography.security.attestation.AttestationManager.generate(Unknown Source:18)
09-24 21:23:20.800  9950 10648 D OplusOtaTracer:     at com.allawn.cryptography.security.attestation.AttestationManager.generateX509V2(Unknown Source:7)
09-24 21:23:20.800  9950 10648 D OplusOtaTracer:     at com.allawn.cryptography.security.attestation.AttestationManager.generateX509(Unknown Source:0)
09-24 21:23:20.800  9950 10648 D OplusOtaTracer:     at com.oplus.ota.downloader.util.b.g(Unknown Source:51)
09-24 21:23:20.800  9950 10648 D OplusOtaTracer:     at com.oplus.ota.downloader.util.b.l(Unknown Source:19)
09-24 21:23:20.800  9950 10648 D OplusOtaTracer: seq=453 t=+10886ms [Attest] getCode enter
09-24 21:23:20.800  9950 10648 D OplusOtaTracer: seq=454 t=+10886ms [Attest] (part0) getCode caller stack:
09-24 21:23:20.800  9950 10648 D OplusOtaTracer:     at ZXtqvLzSizvAgQNOJgN.sF.XC_MethodHook.callBeforeHookedMethod(r8-map-id-efedc8ef6b9cd7d537819847e799f758499ba1eef7352b6bb5ce6846c9bf2c4f:1)
09-24 21:23:20.800  9950 10648 D OplusOtaTracer:     at s.intercept(r8-map-id-efedc8ef6b9cd7d537819847e799f758499ba1eef7352b6bb5ce6846c9bf2c4f:36)
09-24 21:23:20.800  9950 10648 D OplusOtaTracer:     at l.proceed(r8-map-id-efedc8ef6b9cd7d537819847e799f758499ba1eef7352b6bb5ce6846c9bf2c4f:35)
09-24 21:23:20.800  9950 10648 D OplusOtaTracer:     at l.proceedWith(r8-map-id-efedc8ef6b9cd7d537819847e799f758499ba1eef7352b6bb5ce6846c9bf2c4f:36)
09-24 21:23:20.800  9950 10648 D OplusOtaTracer:     at s.intercept(r8-map-id-efedc8ef6b9cd7d537819847e799f758499ba1eef7352b6bb5ce6846c9bf2c4f:86)
09-24 21:23:20.800  9950 10648 D OplusOtaTracer:     at l.proceed(r8-map-id-efedc8ef6b9cd7d537819847e799f758499ba1eef7352b6bb5ce6846c9bf2c4f:35)
09-24 21:23:20.800  9950 10648 D OplusOtaTracer:     at android.provider.Fonteep.getCode(Fonteep.java)
09-24 21:23:20.800  9950 10648 D OplusOtaTracer:     at com.allawn.cryptography.teesdk.type.CryptoEngCmdType.get(Unknown Source:10)
09-24 21:23:20.800  9950 10648 D OplusOtaTracer:     at com.allawn.cryptography.teesdk.ResultParser.parse(Unknown Source:30)
09-24 21:23:20.800  9950 10648 D OplusOtaTracer:     at com.allawn.cryptography.teesdk.CryptoEngCmd.pkiCommonAsk(Unknown Source:18)
09-24 21:23:20.800  9950 10648 D OplusOtaTracer:     at com.allawn.cryptography.security.attestation.AttestationManager.generate(Unknown Source:18)
09-24 21:23:20.800  9950 10648 D OplusOtaTracer:     at com.allawn.cryptography.security.attestation.AttestationManager.generateX509V2(Unknown Source:7)
09-24 21:23:20.800  9950 10648 D OplusOtaTracer: seq=455 t=+10886ms [Attest] getCode return Integer(10005) type=java.lang.Integer isNull=false
09-24 21:23:20.800  9950 10648 D OplusOtaTracer: seq=456 t=+10886ms [Attest] getCode return Integer(10005) type=java.lang.Integer isNull=false
09-24 21:23:20.800  9950 10648 D OplusOtaTracer: seq=457 t=+10886ms [Attest] getCode enter
09-24 21:23:20.800  9950 10648 D OplusOtaTracer: seq=458 t=+10886ms [Attest] (part0) getCode caller stack:
09-24 21:23:20.800  9950 10648 D OplusOtaTracer:     at ZXtqvLzSizvAgQNOJgN.sF.XC_MethodHook.callBeforeHookedMethod(r8-map-id-efedc8ef6b9cd7d537819847e799f758499ba1eef7352b6bb5ce6846c9bf2c4f:1)
09-24 21:23:20.800  9950 10648 D OplusOtaTracer:     at s.intercept(r8-map-id-efedc8ef6b9cd7d537819847e799f758499ba1eef7352b6bb5ce6846c9bf2c4f:36)
09-24 21:23:20.800  9950 10648 D OplusOtaTracer:     at l.proceed(r8-map-id-efedc8ef6b9cd7d537819847e799f758499ba1eef7352b6bb5ce6846c9bf2c4f:35)
09-24 21:23:20.800  9950 10648 D OplusOtaTracer:     at android.provider.Fonteep.getCode(Fonteep.java)
09-24 21:23:20.800  9950 10648 D OplusOtaTracer:     at com.allawn.cryptography.teesdk.type.CryptoEngCmdType.get(Unknown Source:10)
09-24 21:23:20.800  9950 10648 D OplusOtaTracer:     at com.allawn.cryptography.teesdk.ResultParser.parse(Unknown Source:30)
09-24 21:23:20.800  9950 10648 D OplusOtaTracer:     at com.allawn.cryptography.teesdk.CryptoEngCmd.pkiCommonAsk(Unknown Source:18)
09-24 21:23:20.800  9950 10648 D OplusOtaTracer:     at com.allawn.cryptography.security.attestation.AttestationManager.generate(Unknown Source:18)
09-24 21:23:20.800  9950 10648 D OplusOtaTracer:     at com.allawn.cryptography.security.attestation.AttestationManager.generateX509V2(Unknown Source:7)
09-24 21:23:20.800  9950 10648 D OplusOtaTracer:     at com.allawn.cryptography.security.attestation.AttestationManager.generateX509(Unknown Source:0)
09-24 21:23:20.800  9950 10648 D OplusOtaTracer:     at com.oplus.ota.downloader.util.b.g(Unknown Source:51)
09-24 21:23:20.800  9950 10648 D OplusOtaTracer:     at com.oplus.ota.downloader.util.b.l(Unknown Source:19)
09-24 21:23:20.800  9950 10648 D OplusOtaTracer: seq=459 t=+10886ms [Attest] getCode enter
09-24 21:23:20.800  9950 10648 D OplusOtaTracer: seq=460 t=+10886ms [Attest] (part0) getCode caller stack:
09-24 21:23:20.800  9950 10648 D OplusOtaTracer:     at ZXtqvLzSizvAgQNOJgN.sF.XC_MethodHook.callBeforeHookedMethod(r8-map-id-efedc8ef6b9cd7d537819847e799f758499ba1eef7352b6bb5ce6846c9bf2c4f:1)
09-24 21:23:20.800  9950 10648 D OplusOtaTracer:     at s.intercept(r8-map-id-efedc8ef6b9cd7d537819847e799f758499ba1eef7352b6bb5ce6846c9bf2c4f:36)
09-24 21:23:20.800  9950 10648 D OplusOtaTracer:     at l.proceed(r8-map-id-efedc8ef6b9cd7d537819847e799f758499ba1eef7352b6bb5ce6846c9bf2c4f:35)
09-24 21:23:20.800  9950 10648 D OplusOtaTracer:     at l.proceedWith(r8-map-id-efedc8ef6b9cd7d537819847e799f758499ba1eef7352b6bb5ce6846c9bf2c4f:36)
09-24 21:23:20.800  9950 10648 D OplusOtaTracer:     at s.intercept(r8-map-id-efedc8ef6b9cd7d537819847e799f758499ba1eef7352b6bb5ce6846c9bf2c4f:86)
09-24 21:23:20.800  9950 10648 D OplusOtaTracer:     at l.proceed(r8-map-id-efedc8ef6b9cd7d537819847e799f758499ba1eef7352b6bb5ce6846c9bf2c4f:35)
09-24 21:23:20.800  9950 10648 D OplusOtaTracer:     at android.provider.Fonteep.getCode(Fonteep.java)
09-24 21:23:20.800  9950 10648 D OplusOtaTracer:     at com.allawn.cryptography.teesdk.type.CryptoEngCmdType.get(Unknown Source:10)
09-24 21:23:20.800  9950 10648 D OplusOtaTracer:     at com.allawn.cryptography.teesdk.ResultParser.parse(Unknown Source:30)
09-24 21:23:20.800  9950 10648 D OplusOtaTracer:     at com.allawn.cryptography.teesdk.CryptoEngCmd.pkiCommonAsk(Unknown Source:18)
09-24 21:23:20.800  9950 10648 D OplusOtaTracer:     at com.allawn.cryptography.security.attestation.AttestationManager.generate(Unknown Source:18)
09-24 21:23:20.800  9950 10648 D OplusOtaTracer:     at com.allawn.cryptography.security.attestation.AttestationManager.generateX509V2(Unknown Source:7)
09-24 21:23:20.800  9950 10648 D OplusOtaTracer: seq=461 t=+10886ms [Attest] getCode return Integer(10006) type=java.lang.Integer isNull=false
09-24 21:23:20.800  9950 10648 D OplusOtaTracer: seq=462 t=+10886ms [Attest] getCode return Integer(10006) type=java.lang.Integer isNull=false
09-24 21:23:20.800  9950 10648 D OplusOtaTracer: seq=463 t=+10886ms [Attest] getCode enter
09-24 21:23:20.800  9950 10648 D OplusOtaTracer: seq=464 t=+10886ms [Attest] (part0) getCode caller stack:
09-24 21:23:20.800  9950 10648 D OplusOtaTracer:     at ZXtqvLzSizvAgQNOJgN.sF.XC_MethodHook.callBeforeHookedMethod(r8-map-id-efedc8ef6b9cd7d537819847e799f758499ba1eef7352b6bb5ce6846c9bf2c4f:1)
09-24 21:23:20.800  9950 10648 D OplusOtaTracer:     at s.intercept(r8-map-id-efedc8ef6b9cd7d537819847e799f758499ba1eef7352b6bb5ce6846c9bf2c4f:36)
09-24 21:23:20.800  9950 10648 D OplusOtaTracer:     at l.proceed(r8-map-id-efedc8ef6b9cd7d537819847e799f758499ba1eef7352b6bb5ce6846c9bf2c4f:35)
09-24 21:23:20.800  9950 10648 D OplusOtaTracer:     at android.provider.Fonteep.getCode(Fonteep.java)
09-24 21:23:20.800  9950 10648 D OplusOtaTracer:     at com.allawn.cryptography.teesdk.type.CryptoEngCmdType.get(Unknown Source:10)
09-24 21:23:20.800  9950 10648 D OplusOtaTracer:     at com.allawn.cryptography.teesdk.ResultParser.parse(Unknown Source:30)
09-24 21:23:20.800  9950 10648 D OplusOtaTracer:     at com.allawn.cryptography.teesdk.CryptoEngCmd.pkiCommonAsk(Unknown Source:18)
09-24 21:23:20.800  9950 10648 D OplusOtaTracer:     at com.allawn.cryptography.security.attestation.AttestationManager.generate(Unknown Source:18)
09-24 21:23:20.800  9950 10648 D OplusOtaTracer:     at com.allawn.cryptography.security.attestation.AttestationManager.generateX509V2(Unknown Source:7)
09-24 21:23:20.800  9950 10648 D OplusOtaTracer:     at com.allawn.cryptography.security.attestation.AttestationManager.generateX509(Unknown Source:0)
09-24 21:23:20.800  9950 10648 D OplusOtaTracer:     at com.oplus.ota.downloader.util.b.g(Unknown Source:51)
09-24 21:23:20.800  9950 10648 D OplusOtaTracer:     at com.oplus.ota.downloader.util.b.l(Unknown Source:19)
09-24 21:23:20.800  9950 10648 D OplusOtaTracer: seq=465 t=+10886ms [Attest] getCode enter
09-24 21:23:20.800  9950 10648 D OplusOtaTracer: seq=466 t=+10886ms [Attest] (part0) getCode caller stack:
09-24 21:23:20.800  9950 10648 D OplusOtaTracer:     at ZXtqvLzSizvAgQNOJgN.sF.XC_MethodHook.callBeforeHookedMethod(r8-map-id-efedc8ef6b9cd7d537819847e799f758499ba1eef7352b6bb5ce6846c9bf2c4f:1)
09-24 21:23:20.800  9950 10648 D OplusOtaTracer:     at s.intercept(r8-map-id-efedc8ef6b9cd7d537819847e799f758499ba1eef7352b6bb5ce6846c9bf2c4f:36)
09-24 21:23:20.800  9950 10648 D OplusOtaTracer:     at l.proceed(r8-map-id-efedc8ef6b9cd7d537819847e799f758499ba1eef7352b6bb5ce6846c9bf2c4f:35)
09-24 21:23:20.800  9950 10648 D OplusOtaTracer:     at l.proceedWith(r8-map-id-efedc8ef6b9cd7d537819847e799f758499ba1eef7352b6bb5ce6846c9bf2c4f:36)
09-24 21:23:20.800  9950 10648 D OplusOtaTracer:     at s.intercept(r8-map-id-efedc8ef6b9cd7d537819847e799f758499ba1eef7352b6bb5ce6846c9bf2c4f:86)
09-24 21:23:20.800  9950 10648 D OplusOtaTracer:     at l.proceed(r8-map-id-efedc8ef6b9cd7d537819847e799f758499ba1eef7352b6bb5ce6846c9bf2c4f:35)
09-24 21:23:20.800  9950 10648 D OplusOtaTracer:     at android.provider.Fonteep.getCode(Fonteep.java)
09-24 21:23:20.800  9950 10648 D OplusOtaTracer:     at com.allawn.cryptography.teesdk.type.CryptoEngCmdType.get(Unknown Source:10)
09-24 21:23:20.800  9950 10648 D OplusOtaTracer:     at com.allawn.cryptography.teesdk.ResultParser.parse(Unknown Source:30)
09-24 21:23:20.800  9950 10648 D OplusOtaTracer:     at com.allawn.cryptography.teesdk.CryptoEngCmd.pkiCommonAsk(Unknown Source:18)
09-24 21:23:20.800  9950 10648 D OplusOtaTracer:     at com.allawn.cryptography.security.attestation.AttestationManager.generate(Unknown Source:18)
09-24 21:23:20.800  9950 10648 D OplusOtaTracer:     at com.allawn.cryptography.security.attestation.AttestationManager.generateX509V2(Unknown Source:7)
09-24 21:23:20.800  9950 10648 D OplusOtaTracer: seq=467 t=+10886ms [Attest] getCode return Integer(10007) type=java.lang.Integer isNull=false
09-24 21:23:20.800  9950 10648 D OplusOtaTracer: seq=468 t=+10886ms [Attest] getCode return Integer(10007) type=java.lang.Integer isNull=false
09-24 21:23:20.800  9950 10648 D OplusOtaTracer: seq=469 t=+10886ms [Attest] getCode enter
09-24 21:23:20.801  9950 10648 D OplusOtaTracer: seq=470 t=+10887ms [Attest] (part0) getCode caller stack:
09-24 21:23:20.801  9950 10648 D OplusOtaTracer:     at ZXtqvLzSizvAgQNOJgN.sF.XC_MethodHook.callBeforeHookedMethod(r8-map-id-efedc8ef6b9cd7d537819847e799f758499ba1eef7352b6bb5ce6846c9bf2c4f:1)
09-24 21:23:20.801  9950 10648 D OplusOtaTracer:     at s.intercept(r8-map-id-efedc8ef6b9cd7d537819847e799f758499ba1eef7352b6bb5ce6846c9bf2c4f:36)
09-24 21:23:20.801  9950 10648 D OplusOtaTracer:     at l.proceed(r8-map-id-efedc8ef6b9cd7d537819847e799f758499ba1eef7352b6bb5ce6846c9bf2c4f:35)
09-24 21:23:20.801  9950 10648 D OplusOtaTracer:     at android.provider.Fonteep.getCode(Fonteep.java)
09-24 21:23:20.801  9950 10648 D OplusOtaTracer:     at com.allawn.cryptography.teesdk.type.CryptoEngCmdType.get(Unknown Source:10)
09-24 21:23:20.801  9950 10648 D OplusOtaTracer:     at com.allawn.cryptography.teesdk.ResultParser.parse(Unknown Source:30)
09-24 21:23:20.801  9950 10648 D OplusOtaTracer:     at com.allawn.cryptography.teesdk.CryptoEngCmd.pkiCommonAsk(Unknown Source:18)
09-24 21:23:20.801  9950 10648 D OplusOtaTracer:     at com.allawn.cryptography.security.attestation.AttestationManager.generate(Unknown Source:18)
09-24 21:23:20.801  9950 10648 D OplusOtaTracer:     at com.allawn.cryptography.security.attestation.AttestationManager.generateX509V2(Unknown Source:7)
09-24 21:23:20.801  9950 10648 D OplusOtaTracer:     at com.allawn.cryptography.security.attestation.AttestationManager.generateX509(Unknown Source:0)
09-24 21:23:20.801  9950 10648 D OplusOtaTracer:     at com.oplus.ota.downloader.util.b.g(Unknown Source:51)
09-24 21:23:20.801  9950 10648 D OplusOtaTracer:     at com.oplus.ota.downloader.util.b.l(Unknown Source:19)
09-24 21:23:20.801  9950 10648 D OplusOtaTracer: seq=471 t=+10887ms [Attest] getCode enter
09-24 21:23:20.801  9950 10648 D OplusOtaTracer: seq=472 t=+10887ms [Attest] (part0) getCode caller stack:
09-24 21:23:20.801  9950 10648 D OplusOtaTracer:     at ZXtqvLzSizvAgQNOJgN.sF.XC_MethodHook.callBeforeHookedMethod(r8-map-id-efedc8ef6b9cd7d537819847e799f758499ba1eef7352b6bb5ce6846c9bf2c4f:1)
09-24 21:23:20.801  9950 10648 D OplusOtaTracer:     at s.intercept(r8-map-id-efedc8ef6b9cd7d537819847e799f758499ba1eef7352b6bb5ce6846c9bf2c4f:36)
09-24 21:23:20.801  9950 10648 D OplusOtaTracer:     at l.proceed(r8-map-id-efedc8ef6b9cd7d537819847e799f758499ba1eef7352b6bb5ce6846c9bf2c4f:35)
09-24 21:23:20.801  9950 10648 D OplusOtaTracer:     at l.proceedWith(r8-map-id-efedc8ef6b9cd7d537819847e799f758499ba1eef7352b6bb5ce6846c9bf2c4f:36)
09-24 21:23:20.801  9950 10648 D OplusOtaTracer:     at s.intercept(r8-map-id-efedc8ef6b9cd7d537819847e799f758499ba1eef7352b6bb5ce6846c9bf2c4f:86)
09-24 21:23:20.801  9950 10648 D OplusOtaTracer:     at l.proceed(r8-map-id-efedc8ef6b9cd7d537819847e799f758499ba1eef7352b6bb5ce6846c9bf2c4f:35)
09-24 21:23:20.801  9950 10648 D OplusOtaTracer:     at android.provider.Fonteep.getCode(Fonteep.java)
09-24 21:23:20.801  9950 10648 D OplusOtaTracer:     at com.allawn.cryptography.teesdk.type.CryptoEngCmdType.get(Unknown Source:10)
09-24 21:23:20.801  9950 10648 D OplusOtaTracer:     at com.allawn.cryptography.teesdk.ResultParser.parse(Unknown Source:30)
09-24 21:23:20.801  9950 10648 D OplusOtaTracer:     at com.allawn.cryptography.teesdk.CryptoEngCmd.pkiCommonAsk(Unknown Source:18)
09-24 21:23:20.801  9950 10648 D OplusOtaTracer:     at com.allawn.cryptography.security.attestation.AttestationManager.generate(Unknown Source:18)
09-24 21:23:20.801  9950 10648 D OplusOtaTracer:     at com.allawn.cryptography.security.attestation.AttestationManager.generateX509V2(Unknown Source:7)
09-24 21:23:20.801  9950 10648 D OplusOtaTracer: seq=473 t=+10887ms [Attest] getCode return Integer(10008) type=java.lang.Integer isNull=false
09-24 21:23:20.801  9950 10648 D OplusOtaTracer: seq=474 t=+10887ms [Attest] getCode return Integer(10008) type=java.lang.Integer isNull=false
09-24 21:23:20.801  9950 10648 D OplusOtaTracer: seq=475 t=+10887ms [Attest] getCode enter
09-24 21:23:20.801  9950 10648 D OplusOtaTracer: seq=476 t=+10887ms [Attest] (part0) getCode caller stack:
09-24 21:23:20.801  9950 10648 D OplusOtaTracer:     at ZXtqvLzSizvAgQNOJgN.sF.XC_MethodHook.callBeforeHookedMethod(r8-map-id-efedc8ef6b9cd7d537819847e799f758499ba1eef7352b6bb5ce6846c9bf2c4f:1)
09-24 21:23:20.801  9950 10648 D OplusOtaTracer:     at s.intercept(r8-map-id-efedc8ef6b9cd7d537819847e799f758499ba1eef7352b6bb5ce6846c9bf2c4f:36)
09-24 21:23:20.801  9950 10648 D OplusOtaTracer:     at l.proceed(r8-map-id-efedc8ef6b9cd7d537819847e799f758499ba1eef7352b6bb5ce6846c9bf2c4f:35)
09-24 21:23:20.801  9950 10648 D OplusOtaTracer:     at android.provider.Fonteep.getCode(Fonteep.java)
09-24 21:23:20.801  9950 10648 D OplusOtaTracer:     at com.allawn.cryptography.teesdk.type.CryptoEngCmdType.get(Unknown Source:10)
09-24 21:23:20.801  9950 10648 D OplusOtaTracer:     at com.allawn.cryptography.teesdk.ResultParser.parse(Unknown Source:30)
09-24 21:23:20.801  9950 10648 D OplusOtaTracer:     at com.allawn.cryptography.teesdk.CryptoEngCmd.pkiCommonAsk(Unknown Source:18)
09-24 21:23:20.801  9950 10648 D OplusOtaTracer:     at com.allawn.cryptography.security.attestation.AttestationManager.generate(Unknown Source:18)
09-24 21:23:20.801  9950 10648 D OplusOtaTracer:     at com.allawn.cryptography.security.attestation.AttestationManager.generateX509V2(Unknown Source:7)
09-24 21:23:20.801  9950 10648 D OplusOtaTracer:     at com.allawn.cryptography.security.attestation.AttestationManager.generateX509(Unknown Source:0)
09-24 21:23:20.801  9950 10648 D OplusOtaTracer:     at com.oplus.ota.downloader.util.b.g(Unknown Source:51)
09-24 21:23:20.801  9950 10648 D OplusOtaTracer:     at com.oplus.ota.downloader.util.b.l(Unknown Source:19)
09-24 21:23:20.801  9950 10648 D OplusOtaTracer: seq=477 t=+10887ms [Attest] getCode enter
09-24 21:23:20.801  9950 10648 D OplusOtaTracer: seq=478 t=+10887ms [Attest] (part0) getCode caller stack:
09-24 21:23:20.801  9950 10648 D OplusOtaTracer:     at ZXtqvLzSizvAgQNOJgN.sF.XC_MethodHook.callBeforeHookedMethod(r8-map-id-efedc8ef6b9cd7d537819847e799f758499ba1eef7352b6bb5ce6846c9bf2c4f:1)
09-24 21:23:20.801  9950 10648 D OplusOtaTracer:     at s.intercept(r8-map-id-efedc8ef6b9cd7d537819847e799f758499ba1eef7352b6bb5ce6846c9bf2c4f:36)
09-24 21:23:20.801  9950 10648 D OplusOtaTracer:     at l.proceed(r8-map-id-efedc8ef6b9cd7d537819847e799f758499ba1eef7352b6bb5ce6846c9bf2c4f:35)
09-24 21:23:20.801  9950 10648 D OplusOtaTracer:     at l.proceedWith(r8-map-id-efedc8ef6b9cd7d537819847e799f758499ba1eef7352b6bb5ce6846c9bf2c4f:36)
09-24 21:23:20.801  9950 10648 D OplusOtaTracer:     at s.intercept(r8-map-id-efedc8ef6b9cd7d537819847e799f758499ba1eef7352b6bb5ce6846c9bf2c4f:86)
09-24 21:23:20.801  9950 10648 D OplusOtaTracer:     at l.proceed(r8-map-id-efedc8ef6b9cd7d537819847e799f758499ba1eef7352b6bb5ce6846c9bf2c4f:35)
09-24 21:23:20.801  9950 10648 D OplusOtaTracer:     at android.provider.Fonteep.getCode(Fonteep.java)
09-24 21:23:20.801  9950 10648 D OplusOtaTracer:     at com.allawn.cryptography.teesdk.type.CryptoEngCmdType.get(Unknown Source:10)
09-24 21:23:20.801  9950 10648 D OplusOtaTracer:     at com.allawn.cryptography.teesdk.ResultParser.parse(Unknown Source:30)
09-24 21:23:20.801  9950 10648 D OplusOtaTracer:     at com.allawn.cryptography.teesdk.CryptoEngCmd.pkiCommonAsk(Unknown Source:18)
09-24 21:23:20.801  9950 10648 D OplusOtaTracer:     at com.allawn.cryptography.security.attestation.AttestationManager.generate(Unknown Source:18)
09-24 21:23:20.801  9950 10648 D OplusOtaTracer:     at com.allawn.cryptography.security.attestation.AttestationManager.generateX509V2(Unknown Source:7)
09-24 21:23:20.801  9950 10648 D OplusOtaTracer: seq=479 t=+10887ms [Attest] getCode return Integer(10009) type=java.lang.Integer isNull=false
09-24 21:23:20.801  9950 10648 D OplusOtaTracer: seq=480 t=+10887ms [Attest] getCode return Integer(10009) type=java.lang.Integer isNull=false
09-24 21:23:20.801  9950 10648 D OplusOtaTracer: seq=481 t=+10887ms [Attest] getCode enter
09-24 21:23:20.801  9950 10648 D OplusOtaTracer: seq=482 t=+10887ms [Attest] (part0) getCode caller stack:
09-24 21:23:20.801  9950 10648 D OplusOtaTracer:     at ZXtqvLzSizvAgQNOJgN.sF.XC_MethodHook.callBeforeHookedMethod(r8-map-id-efedc8ef6b9cd7d537819847e799f758499ba1eef7352b6bb5ce6846c9bf2c4f:1)
09-24 21:23:20.801  9950 10648 D OplusOtaTracer:     at s.intercept(r8-map-id-efedc8ef6b9cd7d537819847e799f758499ba1eef7352b6bb5ce6846c9bf2c4f:36)
09-24 21:23:20.801  9950 10648 D OplusOtaTracer:     at l.proceed(r8-map-id-efedc8ef6b9cd7d537819847e799f758499ba1eef7352b6bb5ce6846c9bf2c4f:35)
09-24 21:23:20.801  9950 10648 D OplusOtaTracer:     at android.provider.Fonteep.getCode(Fonteep.java)
09-24 21:23:20.801  9950 10648 D OplusOtaTracer:     at com.allawn.cryptography.teesdk.type.CryptoEngCmdType.get(Unknown Source:10)
09-24 21:23:20.801  9950 10648 D OplusOtaTracer:     at com.allawn.cryptography.teesdk.ResultParser.parse(Unknown Source:30)
09-24 21:23:20.801  9950 10648 D OplusOtaTracer:     at com.allawn.cryptography.teesdk.CryptoEngCmd.pkiCommonAsk(Unknown Source:18)
09-24 21:23:20.801  9950 10648 D OplusOtaTracer:     at com.allawn.cryptography.security.attestation.AttestationManager.generate(Unknown Source:18)
09-24 21:23:20.801  9950 10648 D OplusOtaTracer:     at com.allawn.cryptography.security.attestation.AttestationManager.generateX509V2(Unknown Source:7)
09-24 21:23:20.801  9950 10648 D OplusOtaTracer:     at com.allawn.cryptography.security.attestation.AttestationManager.generateX509(Unknown Source:0)
09-24 21:23:20.801  9950 10648 D OplusOtaTracer:     at com.oplus.ota.downloader.util.b.g(Unknown Source:51)
09-24 21:23:20.801  9950 10648 D OplusOtaTracer:     at com.oplus.ota.downloader.util.b.l(Unknown Source:19)
09-24 21:23:20.801  9950 10648 D OplusOtaTracer: seq=483 t=+10887ms [Attest] getCode enter
09-24 21:23:20.801  9950 10648 D OplusOtaTracer: seq=484 t=+10887ms [Attest] (part0) getCode caller stack:
09-24 21:23:20.801  9950 10648 D OplusOtaTracer:     at ZXtqvLzSizvAgQNOJgN.sF.XC_MethodHook.callBeforeHookedMethod(r8-map-id-efedc8ef6b9cd7d537819847e799f758499ba1eef7352b6bb5ce6846c9bf2c4f:1)
09-24 21:23:20.801  9950 10648 D OplusOtaTracer:     at s.intercept(r8-map-id-efedc8ef6b9cd7d537819847e799f758499ba1eef7352b6bb5ce6846c9bf2c4f:36)
09-24 21:23:20.801  9950 10648 D OplusOtaTracer:     at l.proceed(r8-map-id-efedc8ef6b9cd7d537819847e799f758499ba1eef7352b6bb5ce6846c9bf2c4f:35)
09-24 21:23:20.801  9950 10648 D OplusOtaTracer:     at l.proceedWith(r8-map-id-efedc8ef6b9cd7d537819847e799f758499ba1eef7352b6bb5ce6846c9bf2c4f:36)
09-24 21:23:20.801  9950 10648 D OplusOtaTracer:     at s.intercept(r8-map-id-efedc8ef6b9cd7d537819847e799f758499ba1eef7352b6bb5ce6846c9bf2c4f:86)
09-24 21:23:20.801  9950 10648 D OplusOtaTracer:     at l.proceed(r8-map-id-efedc8ef6b9cd7d537819847e799f758499ba1eef7352b6bb5ce6846c9bf2c4f:35)
09-24 21:23:20.801  9950 10648 D OplusOtaTracer:     at android.provider.Fonteep.getCode(Fonteep.java)
09-24 21:23:20.801  9950 10648 D OplusOtaTracer:     at com.allawn.cryptography.teesdk.type.CryptoEngCmdType.get(Unknown Source:10)
09-24 21:23:20.801  9950 10648 D OplusOtaTracer:     at com.allawn.cryptography.teesdk.ResultParser.parse(Unknown Source:30)
09-24 21:23:20.801  9950 10648 D OplusOtaTracer:     at com.allawn.cryptography.teesdk.CryptoEngCmd.pkiCommonAsk(Unknown Source:18)
09-24 21:23:20.801  9950 10648 D OplusOtaTracer:     at com.allawn.cryptography.security.attestation.AttestationManager.generate(Unknown Source:18)
09-24 21:23:20.801  9950 10648 D OplusOtaTracer:     at com.allawn.cryptography.security.attestation.AttestationManager.generateX509V2(Unknown Source:7)
09-24 21:23:20.801  9950 10648 D OplusOtaTracer: seq=485 t=+10887ms [Attest] getCode return Integer(10010) type=java.lang.Integer isNull=false
09-24 21:23:20.801  9950 10648 D OplusOtaTracer: seq=486 t=+10887ms [Attest] getCode return Integer(10010) type=java.lang.Integer isNull=false
09-24 21:23:20.801  9950 10648 D OplusOtaTracer: seq=487 t=+10887ms [Attest] getCode enter
09-24 21:23:20.802  9950 10648 D OplusOtaTracer: seq=488 t=+10888ms [Attest] (part0) getCode caller stack:
09-24 21:23:20.802  9950 10648 D OplusOtaTracer:     at ZXtqvLzSizvAgQNOJgN.sF.XC_MethodHook.callBeforeHookedMethod(r8-map-id-efedc8ef6b9cd7d537819847e799f758499ba1eef7352b6bb5ce6846c9bf2c4f:1)
09-24 21:23:20.802  9950 10648 D OplusOtaTracer:     at s.intercept(r8-map-id-efedc8ef6b9cd7d537819847e799f758499ba1eef7352b6bb5ce6846c9bf2c4f:36)
09-24 21:23:20.802  9950 10648 D OplusOtaTracer:     at l.proceed(r8-map-id-efedc8ef6b9cd7d537819847e799f758499ba1eef7352b6bb5ce6846c9bf2c4f:35)
09-24 21:23:20.802  9950 10648 D OplusOtaTracer:     at android.provider.Fonteep.getCode(Fonteep.java)
09-24 21:23:20.802  9950 10648 D OplusOtaTracer:     at com.allawn.cryptography.teesdk.type.CryptoEngCmdType.get(Unknown Source:10)
09-24 21:23:20.802  9950 10648 D OplusOtaTracer:     at com.allawn.cryptography.teesdk.ResultParser.parse(Unknown Source:30)
09-24 21:23:20.802  9950 10648 D OplusOtaTracer:     at com.allawn.cryptography.teesdk.CryptoEngCmd.pkiCommonAsk(Unknown Source:18)
09-24 21:23:20.802  9950 10648 D OplusOtaTracer:     at com.allawn.cryptography.security.attestation.AttestationManager.generate(Unknown Source:18)
09-24 21:23:20.802  9950 10648 D OplusOtaTracer:     at com.allawn.cryptography.security.attestation.AttestationManager.generateX509V2(Unknown Source:7)
09-24 21:23:20.802  9950 10648 D OplusOtaTracer:     at com.allawn.cryptography.security.attestation.AttestationManager.generateX509(Unknown Source:0)
09-24 21:23:20.802  9950 10648 D OplusOtaTracer:     at com.oplus.ota.downloader.util.b.g(Unknown Source:51)
09-24 21:23:20.802  9950 10648 D OplusOtaTracer:     at com.oplus.ota.downloader.util.b.l(Unknown Source:19)
09-24 21:23:20.802  9950 10648 D OplusOtaTracer: seq=489 t=+10888ms [Attest] getCode enter
09-24 21:23:20.802  9950 10648 D OplusOtaTracer: seq=490 t=+10888ms [Attest] (part0) getCode caller stack:
09-24 21:23:20.802  9950 10648 D OplusOtaTracer:     at ZXtqvLzSizvAgQNOJgN.sF.XC_MethodHook.callBeforeHookedMethod(r8-map-id-efedc8ef6b9cd7d537819847e799f758499ba1eef7352b6bb5ce6846c9bf2c4f:1)
09-24 21:23:20.802  9950 10648 D OplusOtaTracer:     at s.intercept(r8-map-id-efedc8ef6b9cd7d537819847e799f758499ba1eef7352b6bb5ce6846c9bf2c4f:36)
09-24 21:23:20.802  9950 10648 D OplusOtaTracer:     at l.proceed(r8-map-id-efedc8ef6b9cd7d537819847e799f758499ba1eef7352b6bb5ce6846c9bf2c4f:35)
09-24 21:23:20.802  9950 10648 D OplusOtaTracer:     at l.proceedWith(r8-map-id-efedc8ef6b9cd7d537819847e799f758499ba1eef7352b6bb5ce6846c9bf2c4f:36)
09-24 21:23:20.802  9950 10648 D OplusOtaTracer:     at s.intercept(r8-map-id-efedc8ef6b9cd7d537819847e799f758499ba1eef7352b6bb5ce6846c9bf2c4f:86)
09-24 21:23:20.802  9950 10648 D OplusOtaTracer:     at l.proceed(r8-map-id-efedc8ef6b9cd7d537819847e799f758499ba1eef7352b6bb5ce6846c9bf2c4f:35)
09-24 21:23:20.802  9950 10648 D OplusOtaTracer:     at android.provider.Fonteep.getCode(Fonteep.java)
09-24 21:23:20.802  9950 10648 D OplusOtaTracer:     at com.allawn.cryptography.teesdk.type.CryptoEngCmdType.get(Unknown Source:10)
09-24 21:23:20.802  9950 10648 D OplusOtaTracer:     at com.allawn.cryptography.teesdk.ResultParser.parse(Unknown Source:30)
09-24 21:23:20.802  9950 10648 D OplusOtaTracer:     at com.allawn.cryptography.teesdk.CryptoEngCmd.pkiCommonAsk(Unknown Source:18)
09-24 21:23:20.802  9950 10648 D OplusOtaTracer:     at com.allawn.cryptography.security.attestation.AttestationManager.generate(Unknown Source:18)
09-24 21:23:20.802  9950 10648 D OplusOtaTracer:     at com.allawn.cryptography.security.attestation.AttestationManager.generateX509V2(Unknown Source:7)
09-24 21:23:20.802  9950 10648 D OplusOtaTracer: seq=491 t=+10888ms [Attest] getCode return Integer(10011) type=java.lang.Integer isNull=false
09-24 21:23:20.802  9950 10648 D OplusOtaTracer: seq=492 t=+10888ms [Attest] getCode return Integer(10011) type=java.lang.Integer isNull=false
09-24 21:23:20.802  9950 10648 D OplusOtaTracer: seq=493 t=+10888ms [Attest] getCode enter
09-24 21:23:20.802  9950 10648 D OplusOtaTracer: seq=494 t=+10888ms [Attest] (part0) getCode caller stack:
09-24 21:23:20.802  9950 10648 D OplusOtaTracer:     at ZXtqvLzSizvAgQNOJgN.sF.XC_MethodHook.callBeforeHookedMethod(r8-map-id-efedc8ef6b9cd7d537819847e799f758499ba1eef7352b6bb5ce6846c9bf2c4f:1)
09-24 21:23:20.802  9950 10648 D OplusOtaTracer:     at s.intercept(r8-map-id-efedc8ef6b9cd7d537819847e799f758499ba1eef7352b6bb5ce6846c9bf2c4f:36)
09-24 21:23:20.802  9950 10648 D OplusOtaTracer:     at l.proceed(r8-map-id-efedc8ef6b9cd7d537819847e799f758499ba1eef7352b6bb5ce6846c9bf2c4f:35)
09-24 21:23:20.802  9950 10648 D OplusOtaTracer:     at android.provider.Fonteep.getCode(Fonteep.java)
09-24 21:23:20.802  9950 10648 D OplusOtaTracer:     at com.allawn.cryptography.teesdk.type.CryptoEngCmdType.get(Unknown Source:10)
09-24 21:23:20.802  9950 10648 D OplusOtaTracer:     at com.allawn.cryptography.teesdk.ResultParser.parse(Unknown Source:30)
09-24 21:23:20.802  9950 10648 D OplusOtaTracer:     at com.allawn.cryptography.teesdk.CryptoEngCmd.pkiCommonAsk(Unknown Source:18)
09-24 21:23:20.802  9950 10648 D OplusOtaTracer:     at com.allawn.cryptography.security.attestation.AttestationManager.generate(Unknown Source:18)
09-24 21:23:20.802  9950 10648 D OplusOtaTracer:     at com.allawn.cryptography.security.attestation.AttestationManager.generateX509V2(Unknown Source:7)
09-24 21:23:20.802  9950 10648 D OplusOtaTracer:     at com.allawn.cryptography.security.attestation.AttestationManager.generateX509(Unknown Source:0)
09-24 21:23:20.802  9950 10648 D OplusOtaTracer:     at com.oplus.ota.downloader.util.b.g(Unknown Source:51)
09-24 21:23:20.802  9950 10648 D OplusOtaTracer:     at com.oplus.ota.downloader.util.b.l(Unknown Source:19)
09-24 21:23:20.802  9950 10648 D OplusOtaTracer: seq=495 t=+10888ms [Attest] getCode enter
09-24 21:23:20.802  9950 10648 D OplusOtaTracer: seq=496 t=+10888ms [Attest] (part0) getCode caller stack:
09-24 21:23:20.802  9950 10648 D OplusOtaTracer:     at ZXtqvLzSizvAgQNOJgN.sF.XC_MethodHook.callBeforeHookedMethod(r8-map-id-efedc8ef6b9cd7d537819847e799f758499ba1eef7352b6bb5ce6846c9bf2c4f:1)
09-24 21:23:20.802  9950 10648 D OplusOtaTracer:     at s.intercept(r8-map-id-efedc8ef6b9cd7d537819847e799f758499ba1eef7352b6bb5ce6846c9bf2c4f:36)
09-24 21:23:20.802  9950 10648 D OplusOtaTracer:     at l.proceed(r8-map-id-efedc8ef6b9cd7d537819847e799f758499ba1eef7352b6bb5ce6846c9bf2c4f:35)
09-24 21:23:20.802  9950 10648 D OplusOtaTracer:     at l.proceedWith(r8-map-id-efedc8ef6b9cd7d537819847e799f758499ba1eef7352b6bb5ce6846c9bf2c4f:36)
09-24 21:23:20.802  9950 10648 D OplusOtaTracer:     at s.intercept(r8-map-id-efedc8ef6b9cd7d537819847e799f758499ba1eef7352b6bb5ce6846c9bf2c4f:86)
09-24 21:23:20.802  9950 10648 D OplusOtaTracer:     at l.proceed(r8-map-id-efedc8ef6b9cd7d537819847e799f758499ba1eef7352b6bb5ce6846c9bf2c4f:35)
09-24 21:23:20.802  9950 10648 D OplusOtaTracer:     at android.provider.Fonteep.getCode(Fonteep.java)
09-24 21:23:20.802  9950 10648 D OplusOtaTracer:     at com.allawn.cryptography.teesdk.type.CryptoEngCmdType.get(Unknown Source:10)
09-24 21:23:20.802  9950 10648 D OplusOtaTracer:     at com.allawn.cryptography.teesdk.ResultParser.parse(Unknown Source:30)
09-24 21:23:20.802  9950 10648 D OplusOtaTracer:     at com.allawn.cryptography.teesdk.CryptoEngCmd.pkiCommonAsk(Unknown Source:18)
09-24 21:23:20.802  9950 10648 D OplusOtaTracer:     at com.allawn.cryptography.security.attestation.AttestationManager.generate(Unknown Source:18)
09-24 21:23:20.802  9950 10648 D OplusOtaTracer:     at com.allawn.cryptography.security.attestation.AttestationManager.generateX509V2(Unknown Source:7)
09-24 21:23:20.802  9950 10648 D OplusOtaTracer: seq=497 t=+10888ms [Attest] getCode return Integer(10012) type=java.lang.Integer isNull=false
09-24 21:23:20.802  9950 10648 D OplusOtaTracer: seq=498 t=+10888ms [Attest] getCode return Integer(10012) type=java.lang.Integer isNull=false
09-24 21:23:20.802  9950 10648 D OplusOtaTracer: seq=499 t=+10888ms [Attest] getCode enter
09-24 21:23:20.802  9950 10648 D OplusOtaTracer: seq=500 t=+10888ms [Attest] (part0) getCode caller stack:
09-24 21:23:20.802  9950 10648 D OplusOtaTracer:     at ZXtqvLzSizvAgQNOJgN.sF.XC_MethodHook.callBeforeHookedMethod(r8-map-id-efedc8ef6b9cd7d537819847e799f758499ba1eef7352b6bb5ce6846c9bf2c4f:1)
09-24 21:23:20.802  9950 10648 D OplusOtaTracer:     at s.intercept(r8-map-id-efedc8ef6b9cd7d537819847e799f758499ba1eef7352b6bb5ce6846c9bf2c4f:36)
09-24 21:23:20.802  9950 10648 D OplusOtaTracer:     at l.proceed(r8-map-id-efedc8ef6b9cd7d537819847e799f758499ba1eef7352b6bb5ce6846c9bf2c4f:35)
09-24 21:23:20.802  9950 10648 D OplusOtaTracer:     at android.provider.Fonteep.getCode(Fonteep.java)
09-24 21:23:20.802  9950 10648 D OplusOtaTracer:     at com.allawn.cryptography.teesdk.type.CryptoEngCmdType.get(Unknown Source:10)
09-24 21:23:20.802  9950 10648 D OplusOtaTracer:     at com.allawn.cryptography.teesdk.ResultParser.parse(Unknown Source:30)
09-24 21:23:20.802  9950 10648 D OplusOtaTracer:     at com.allawn.cryptography.teesdk.CryptoEngCmd.pkiCommonAsk(Unknown Source:18)
09-24 21:23:20.802  9950 10648 D OplusOtaTracer:     at com.allawn.cryptography.security.attestation.AttestationManager.generate(Unknown Source:18)
09-24 21:23:20.802  9950 10648 D OplusOtaTracer:     at com.allawn.cryptography.security.attestation.AttestationManager.generateX509V2(Unknown Source:7)
09-24 21:23:20.802  9950 10648 D OplusOtaTracer:     at com.allawn.cryptography.security.attestation.AttestationManager.generateX509(Unknown Source:0)
09-24 21:23:20.802  9950 10648 D OplusOtaTracer:     at com.oplus.ota.downloader.util.b.g(Unknown Source:51)
09-24 21:23:20.802  9950 10648 D OplusOtaTracer:     at com.oplus.ota.downloader.util.b.l(Unknown Source:19)
09-24 21:23:20.802  9950 10648 D OplusOtaTracer: seq=501 t=+10888ms [Attest] getCode enter
09-24 21:23:20.803  9950 10648 D OplusOtaTracer: seq=502 t=+10889ms [Attest] (part0) getCode caller stack:
09-24 21:23:20.803  9950 10648 D OplusOtaTracer:     at ZXtqvLzSizvAgQNOJgN.sF.XC_MethodHook.callBeforeHookedMethod(r8-map-id-efedc8ef6b9cd7d537819847e799f758499ba1eef7352b6bb5ce6846c9bf2c4f:1)
09-24 21:23:20.803  9950 10648 D OplusOtaTracer:     at s.intercept(r8-map-id-efedc8ef6b9cd7d537819847e799f758499ba1eef7352b6bb5ce6846c9bf2c4f:36)
09-24 21:23:20.803  9950 10648 D OplusOtaTracer:     at l.proceed(r8-map-id-efedc8ef6b9cd7d537819847e799f758499ba1eef7352b6bb5ce6846c9bf2c4f:35)
09-24 21:23:20.803  9950 10648 D OplusOtaTracer:     at l.proceedWith(r8-map-id-efedc8ef6b9cd7d537819847e799f758499ba1eef7352b6bb5ce6846c9bf2c4f:36)
09-24 21:23:20.803  9950 10648 D OplusOtaTracer:     at s.intercept(r8-map-id-efedc8ef6b9cd7d537819847e799f758499ba1eef7352b6bb5ce6846c9bf2c4f:86)
09-24 21:23:20.803  9950 10648 D OplusOtaTracer:     at l.proceed(r8-map-id-efedc8ef6b9cd7d537819847e799f758499ba1eef7352b6bb5ce6846c9bf2c4f:35)
09-24 21:23:20.803  9950 10648 D OplusOtaTracer:     at android.provider.Fonteep.getCode(Fonteep.java)
09-24 21:23:20.803  9950 10648 D OplusOtaTracer:     at com.allawn.cryptography.teesdk.type.CryptoEngCmdType.get(Unknown Source:10)
09-24 21:23:20.803  9950 10648 D OplusOtaTracer:     at com.allawn.cryptography.teesdk.ResultParser.parse(Unknown Source:30)
09-24 21:23:20.803  9950 10648 D OplusOtaTracer:     at com.allawn.cryptography.teesdk.CryptoEngCmd.pkiCommonAsk(Unknown Source:18)
09-24 21:23:20.803  9950 10648 D OplusOtaTracer:     at com.allawn.cryptography.security.attestation.AttestationManager.generate(Unknown Source:18)
09-24 21:23:20.803  9950 10648 D OplusOtaTracer:     at com.allawn.cryptography.security.attestation.AttestationManager.generateX509V2(Unknown Source:7)
09-24 21:23:20.803  9950 10648 D OplusOtaTracer: seq=503 t=+10889ms [Attest] getCode return Integer(10013) type=java.lang.Integer isNull=false
09-24 21:23:20.803  9950 10648 D OplusOtaTracer: seq=504 t=+10889ms [Attest] getCode return Integer(10013) type=java.lang.Integer isNull=false
09-24 21:23:20.803  9950 10648 D OplusOtaTracer: seq=505 t=+10889ms [Attest] getCode enter
09-24 21:23:20.803  9950 10648 D OplusOtaTracer: seq=506 t=+10889ms [Attest] (part0) getCode caller stack:
09-24 21:23:20.803  9950 10648 D OplusOtaTracer:     at ZXtqvLzSizvAgQNOJgN.sF.XC_MethodHook.callBeforeHookedMethod(r8-map-id-efedc8ef6b9cd7d537819847e799f758499ba1eef7352b6bb5ce6846c9bf2c4f:1)
09-24 21:23:20.803  9950 10648 D OplusOtaTracer:     at s.intercept(r8-map-id-efedc8ef6b9cd7d537819847e799f758499ba1eef7352b6bb5ce6846c9bf2c4f:36)
09-24 21:23:20.803  9950 10648 D OplusOtaTracer:     at l.proceed(r8-map-id-efedc8ef6b9cd7d537819847e799f758499ba1eef7352b6bb5ce6846c9bf2c4f:35)
09-24 21:23:20.803  9950 10648 D OplusOtaTracer:     at android.provider.Fonteep.getCode(Fonteep.java)
09-24 21:23:20.803  9950 10648 D OplusOtaTracer:     at com.allawn.cryptography.teesdk.type.CryptoEngCmdType.get(Unknown Source:10)
09-24 21:23:20.803  9950 10648 D OplusOtaTracer:     at com.allawn.cryptography.teesdk.ResultParser.parse(Unknown Source:30)
09-24 21:23:20.803  9950 10648 D OplusOtaTracer:     at com.allawn.cryptography.teesdk.CryptoEngCmd.pkiCommonAsk(Unknown Source:18)
09-24 21:23:20.803  9950 10648 D OplusOtaTracer:     at com.allawn.cryptography.security.attestation.AttestationManager.generate(Unknown Source:18)
09-24 21:23:20.803  9950 10648 D OplusOtaTracer:     at com.allawn.cryptography.security.attestation.AttestationManager.generateX509V2(Unknown Source:7)
09-24 21:23:20.803  9950 10648 D OplusOtaTracer:     at com.allawn.cryptography.security.attestation.AttestationManager.generateX509(Unknown Source:0)
09-24 21:23:20.803  9950 10648 D OplusOtaTracer:     at com.oplus.ota.downloader.util.b.g(Unknown Source:51)
09-24 21:23:20.803  9950 10648 D OplusOtaTracer:     at com.oplus.ota.downloader.util.b.l(Unknown Source:19)
09-24 21:23:20.803  9950 10648 D OplusOtaTracer: seq=507 t=+10889ms [Attest] getCode enter
09-24 21:23:20.803  9950 10648 D OplusOtaTracer: seq=508 t=+10889ms [Attest] (part0) getCode caller stack:
09-24 21:23:20.803  9950 10648 D OplusOtaTracer:     at ZXtqvLzSizvAgQNOJgN.sF.XC_MethodHook.callBeforeHookedMethod(r8-map-id-efedc8ef6b9cd7d537819847e799f758499ba1eef7352b6bb5ce6846c9bf2c4f:1)
09-24 21:23:20.803  9950 10648 D OplusOtaTracer:     at s.intercept(r8-map-id-efedc8ef6b9cd7d537819847e799f758499ba1eef7352b6bb5ce6846c9bf2c4f:36)
09-24 21:23:20.803  9950 10648 D OplusOtaTracer:     at l.proceed(r8-map-id-efedc8ef6b9cd7d537819847e799f758499ba1eef7352b6bb5ce6846c9bf2c4f:35)
09-24 21:23:20.803  9950 10648 D OplusOtaTracer:     at l.proceedWith(r8-map-id-efedc8ef6b9cd7d537819847e799f758499ba1eef7352b6bb5ce6846c9bf2c4f:36)
09-24 21:23:20.803  9950 10648 D OplusOtaTracer:     at s.intercept(r8-map-id-efedc8ef6b9cd7d537819847e799f758499ba1eef7352b6bb5ce6846c9bf2c4f:86)
09-24 21:23:20.803  9950 10648 D OplusOtaTracer:     at l.proceed(r8-map-id-efedc8ef6b9cd7d537819847e799f758499ba1eef7352b6bb5ce6846c9bf2c4f:35)
09-24 21:23:20.803  9950 10648 D OplusOtaTracer:     at android.provider.Fonteep.getCode(Fonteep.java)
09-24 21:23:20.803  9950 10648 D OplusOtaTracer:     at com.allawn.cryptography.teesdk.type.CryptoEngCmdType.get(Unknown Source:10)
09-24 21:23:20.803  9950 10648 D OplusOtaTracer:     at com.allawn.cryptography.teesdk.ResultParser.parse(Unknown Source:30)
09-24 21:23:20.803  9950 10648 D OplusOtaTracer:     at com.allawn.cryptography.teesdk.CryptoEngCmd.pkiCommonAsk(Unknown Source:18)
09-24 21:23:20.803  9950 10648 D OplusOtaTracer:     at com.allawn.cryptography.security.attestation.AttestationManager.generate(Unknown Source:18)
09-24 21:23:20.803  9950 10648 D OplusOtaTracer:     at com.allawn.cryptography.security.attestation.AttestationManager.generateX509V2(Unknown Source:7)
09-24 21:23:20.803  9950 10648 D OplusOtaTracer: seq=509 t=+10889ms [Attest] getCode return Integer(10014) type=java.lang.Integer isNull=false
09-24 21:23:20.803  9950 10648 D OplusOtaTracer: seq=510 t=+10889ms [Attest] getCode return Integer(10014) type=java.lang.Integer isNull=false
09-24 21:23:20.803  9950 10648 D OplusOtaTracer: seq=511 t=+10889ms [Attest] getCode enter
09-24 21:23:20.803  9950 10648 D OplusOtaTracer: seq=512 t=+10889ms [Attest] (part0) getCode caller stack:
09-24 21:23:20.803  9950 10648 D OplusOtaTracer:     at ZXtqvLzSizvAgQNOJgN.sF.XC_MethodHook.callBeforeHookedMethod(r8-map-id-efedc8ef6b9cd7d537819847e799f758499ba1eef7352b6bb5ce6846c9bf2c4f:1)
09-24 21:23:20.803  9950 10648 D OplusOtaTracer:     at s.intercept(r8-map-id-efedc8ef6b9cd7d537819847e799f758499ba1eef7352b6bb5ce6846c9bf2c4f:36)
09-24 21:23:20.803  9950 10648 D OplusOtaTracer:     at l.proceed(r8-map-id-efedc8ef6b9cd7d537819847e799f758499ba1eef7352b6bb5ce6846c9bf2c4f:35)
09-24 21:23:20.803  9950 10648 D OplusOtaTracer:     at android.provider.Fonteep.getCode(Fonteep.java)
09-24 21:23:20.803  9950 10648 D OplusOtaTracer:     at com.allawn.cryptography.teesdk.type.CryptoEngCmdType.get(Unknown Source:10)
09-24 21:23:20.803  9950 10648 D OplusOtaTracer:     at com.allawn.cryptography.teesdk.ResultParser.parse(Unknown Source:30)
09-24 21:23:20.803  9950 10648 D OplusOtaTracer:     at com.allawn.cryptography.teesdk.CryptoEngCmd.pkiCommonAsk(Unknown Source:18)
09-24 21:23:20.803  9950 10648 D OplusOtaTracer:     at com.allawn.cryptography.security.attestation.AttestationManager.generate(Unknown Source:18)
09-24 21:23:20.803  9950 10648 D OplusOtaTracer:     at com.allawn.cryptography.security.attestation.AttestationManager.generateX509V2(Unknown Source:7)
09-24 21:23:20.803  9950 10648 D OplusOtaTracer:     at com.allawn.cryptography.security.attestation.AttestationManager.generateX509(Unknown Source:0)
09-24 21:23:20.803  9950 10648 D OplusOtaTracer:     at com.oplus.ota.downloader.util.b.g(Unknown Source:51)
09-24 21:23:20.803  9950 10648 D OplusOtaTracer:     at com.oplus.ota.downloader.util.b.l(Unknown Source:19)
09-24 21:23:20.803  9950 10648 D OplusOtaTracer: seq=513 t=+10889ms [Attest] getCode enter
09-24 21:23:20.803  9950 10648 D OplusOtaTracer: seq=514 t=+10889ms [Attest] (part0) getCode caller stack:
09-24 21:23:20.803  9950 10648 D OplusOtaTracer:     at ZXtqvLzSizvAgQNOJgN.sF.XC_MethodHook.callBeforeHookedMethod(r8-map-id-efedc8ef6b9cd7d537819847e799f758499ba1eef7352b6bb5ce6846c9bf2c4f:1)
09-24 21:23:20.803  9950 10648 D OplusOtaTracer:     at s.intercept(r8-map-id-efedc8ef6b9cd7d537819847e799f758499ba1eef7352b6bb5ce6846c9bf2c4f:36)
09-24 21:23:20.803  9950 10648 D OplusOtaTracer:     at l.proceed(r8-map-id-efedc8ef6b9cd7d537819847e799f758499ba1eef7352b6bb5ce6846c9bf2c4f:35)
09-24 21:23:20.803  9950 10648 D OplusOtaTracer:     at l.proceedWith(r8-map-id-efedc8ef6b9cd7d537819847e799f758499ba1eef7352b6bb5ce6846c9bf2c4f:36)
09-24 21:23:20.803  9950 10648 D OplusOtaTracer:     at s.intercept(r8-map-id-efedc8ef6b9cd7d537819847e799f758499ba1eef7352b6bb5ce6846c9bf2c4f:86)
09-24 21:23:20.803  9950 10648 D OplusOtaTracer:     at l.proceed(r8-map-id-efedc8ef6b9cd7d537819847e799f758499ba1eef7352b6bb5ce6846c9bf2c4f:35)
09-24 21:23:20.803  9950 10648 D OplusOtaTracer:     at android.provider.Fonteep.getCode(Fonteep.java)
09-24 21:23:20.803  9950 10648 D OplusOtaTracer:     at com.allawn.cryptography.teesdk.type.CryptoEngCmdType.get(Unknown Source:10)
09-24 21:23:20.803  9950 10648 D OplusOtaTracer:     at com.allawn.cryptography.teesdk.ResultParser.parse(Unknown Source:30)
09-24 21:23:20.803  9950 10648 D OplusOtaTracer:     at com.allawn.cryptography.teesdk.CryptoEngCmd.pkiCommonAsk(Unknown Source:18)
09-24 21:23:20.803  9950 10648 D OplusOtaTracer:     at com.allawn.cryptography.security.attestation.AttestationManager.generate(Unknown Source:18)
09-24 21:23:20.803  9950 10648 D OplusOtaTracer:     at com.allawn.cryptography.security.attestation.AttestationManager.generateX509V2(Unknown Source:7)
09-24 21:23:20.803  9950 10648 D OplusOtaTracer: seq=515 t=+10889ms [Attest] getCode return Integer(10015) type=java.lang.Integer isNull=false
09-24 21:23:20.803  9950 10648 D OplusOtaTracer: seq=516 t=+10889ms [Attest] getCode return Integer(10015) type=java.lang.Integer isNull=false
09-24 21:23:20.804  9950 10648 D OplusOtaTracer: seq=517 t=+10889ms [Attest] get return com.allawn.cryptography.teesdk.type.CryptoEngCmdType type=com.allawn.cryptography.teesdk.type.CryptoEngCmdType isNull=false
09-24 21:23:20.804  9950 10648 D OplusOtaTracer: seq=518 t=+10890ms [Attest] get return com.allawn.cryptography.teesdk.type.CryptoEngCmdType type=com.allawn.cryptography.teesdk.type.CryptoEngCmdType isNull=false
09-24 21:23:20.804  9950 10648 D OplusOtaTracer: seq=519 t=+10890ms [Parse] parse return com.allawn.cryptography.teesdk.ResultParser$ResultSummary type=com.allawn.cryptography.teesdk.ResultParser$ResultSummary isNull=false
09-24 21:23:20.804  9950 10648 D OplusOtaTracer: seq=520 t=+10890ms [Parse] isMethodExecuteSuccessV2 enter arg[0]=com.allawn.cryptography.teesdk.ResultParser$ResultSummary arg[1]=com.allawn.cryptography.teesdk.type.CryptoEngCmdType
09-24 21:23:20.804  9950 10648 D OplusOtaTracer: seq=521 t=+10890ms [Parse] isParseSuccess enter arg[0]=com.allawn.cryptography.teesdk.ResultParser$ResultSummary arg[1]=com.allawn.cryptography.teesdk.type.CryptoEngCmdType
09-24 21:23:20.804  9950 10648 D OplusOtaTracer: seq=522 t=+10890ms [Attest] getCode enter
09-24 21:23:20.804  9950 10648 D OplusOtaTracer: seq=523 t=+10890ms [Attest] (part0) getCode caller stack:
09-24 21:23:20.804  9950 10648 D OplusOtaTracer:     at ZXtqvLzSizvAgQNOJgN.sF.XC_MethodHook.callBeforeHookedMethod(r8-map-id-efedc8ef6b9cd7d537819847e799f758499ba1eef7352b6bb5ce6846c9bf2c4f:1)
09-24 21:23:20.804  9950 10648 D OplusOtaTracer:     at s.intercept(r8-map-id-efedc8ef6b9cd7d537819847e799f758499ba1eef7352b6bb5ce6846c9bf2c4f:36)
09-24 21:23:20.804  9950 10648 D OplusOtaTracer:     at l.proceed(r8-map-id-efedc8ef6b9cd7d537819847e799f758499ba1eef7352b6bb5ce6846c9bf2c4f:35)
09-24 21:23:20.804  9950 10648 D OplusOtaTracer:     at android.provider.Fonteep.getCode(Fonteep.java)
09-24 21:23:20.804  9950 10648 D OplusOtaTracer:     at com.allawn.cryptography.teesdk.Util.isParseSuccess(Unknown Source:20)
09-24 21:23:20.804  9950 10648 D OplusOtaTracer:     at com.allawn.cryptography.teesdk.Util.isMethodExecuteSuccessV2(Unknown Source:0)
09-24 21:23:20.804  9950 10648 D OplusOtaTracer:     at com.allawn.cryptography.teesdk.CryptoEngCmd.pkiCommonAsk(Unknown Source:22)
09-24 21:23:20.804  9950 10648 D OplusOtaTracer:     at com.allawn.cryptography.security.attestation.AttestationManager.generate(Unknown Source:18)
09-24 21:23:20.804  9950 10648 D OplusOtaTracer:     at com.allawn.cryptography.security.attestation.AttestationManager.generateX509V2(Unknown Source:7)
09-24 21:23:20.804  9950 10648 D OplusOtaTracer:     at com.allawn.cryptography.security.attestation.AttestationManager.generateX509(Unknown Source:0)
09-24 21:23:20.804  9950 10648 D OplusOtaTracer:     at com.oplus.ota.downloader.util.b.g(Unknown Source:51)
09-24 21:23:20.804  9950 10648 D OplusOtaTracer:     at com.oplus.ota.downloader.util.b.l(Unknown Source:19)
09-24 21:23:20.804  9950 10648 D OplusOtaTracer: seq=524 t=+10890ms [Attest] getCode enter
09-24 21:23:20.804  9950 10648 D OplusOtaTracer: seq=525 t=+10890ms [Attest] (part0) getCode caller stack:
09-24 21:23:20.804  9950 10648 D OplusOtaTracer:     at ZXtqvLzSizvAgQNOJgN.sF.XC_MethodHook.callBeforeHookedMethod(r8-map-id-efedc8ef6b9cd7d537819847e799f758499ba1eef7352b6bb5ce6846c9bf2c4f:1)
09-24 21:23:20.804  9950 10648 D OplusOtaTracer:     at s.intercept(r8-map-id-efedc8ef6b9cd7d537819847e799f758499ba1eef7352b6bb5ce6846c9bf2c4f:36)
09-24 21:23:20.804  9950 10648 D OplusOtaTracer:     at l.proceed(r8-map-id-efedc8ef6b9cd7d537819847e799f758499ba1eef7352b6bb5ce6846c9bf2c4f:35)
09-24 21:23:20.804  9950 10648 D OplusOtaTracer:     at l.proceedWith(r8-map-id-efedc8ef6b9cd7d537819847e799f758499ba1eef7352b6bb5ce6846c9bf2c4f:36)
09-24 21:23:20.804  9950 10648 D OplusOtaTracer:     at s.intercept(r8-map-id-efedc8ef6b9cd7d537819847e799f758499ba1eef7352b6bb5ce6846c9bf2c4f:86)
09-24 21:23:20.804  9950 10648 D OplusOtaTracer:     at l.proceed(r8-map-id-efedc8ef6b9cd7d537819847e799f758499ba1eef7352b6bb5ce6846c9bf2c4f:35)
09-24 21:23:20.804  9950 10648 D OplusOtaTracer:     at android.provider.Fonteep.getCode(Fonteep.java)
09-24 21:23:20.804  9950 10648 D OplusOtaTracer:     at com.allawn.cryptography.teesdk.Util.isParseSuccess(Unknown Source:20)
09-24 21:23:20.804  9950 10648 D OplusOtaTracer:     at com.allawn.cryptography.teesdk.Util.isMethodExecuteSuccessV2(Unknown Source:0)
09-24 21:23:20.804  9950 10648 D OplusOtaTracer:     at com.allawn.cryptography.teesdk.CryptoEngCmd.pkiCommonAsk(Unknown Source:22)
09-24 21:23:20.804  9950 10648 D OplusOtaTracer:     at com.allawn.cryptography.security.attestation.AttestationManager.generate(Unknown Source:18)
09-24 21:23:20.804  9950 10648 D OplusOtaTracer:     at com.allawn.cryptography.security.attestation.AttestationManager.generateX509V2(Unknown Source:7)
09-24 21:23:20.804  9950 10648 D OplusOtaTracer: seq=526 t=+10890ms [Attest] getCode return Integer(10015) type=java.lang.Integer isNull=false
09-24 21:23:20.804  9950 10648 D OplusOtaTracer: seq=527 t=+10890ms [Attest] getCode return Integer(10015) type=java.lang.Integer isNull=false
09-24 21:23:20.804  9950 10648 D OplusOtaTracer: seq=528 t=+10890ms [Attest] getCode enter
09-24 21:23:20.804  9950 10648 D OplusOtaTracer: seq=529 t=+10890ms [Attest] (part0) getCode caller stack:
09-24 21:23:20.804  9950 10648 D OplusOtaTracer:     at ZXtqvLzSizvAgQNOJgN.sF.XC_MethodHook.callBeforeHookedMethod(r8-map-id-efedc8ef6b9cd7d537819847e799f758499ba1eef7352b6bb5ce6846c9bf2c4f:1)
09-24 21:23:20.804  9950 10648 D OplusOtaTracer:     at s.intercept(r8-map-id-efedc8ef6b9cd7d537819847e799f758499ba1eef7352b6bb5ce6846c9bf2c4f:36)
09-24 21:23:20.804  9950 10648 D OplusOtaTracer:     at l.proceed(r8-map-id-efedc8ef6b9cd7d537819847e799f758499ba1eef7352b6bb5ce6846c9bf2c4f:35)
09-24 21:23:20.804  9950 10648 D OplusOtaTracer:     at android.provider.Fonteep.getCode(Fonteep.java)
09-24 21:23:20.804  9950 10648 D OplusOtaTracer:     at com.allawn.cryptography.teesdk.Util.isParseSuccess(Unknown Source:24)
09-24 21:23:20.804  9950 10648 D OplusOtaTracer:     at com.allawn.cryptography.teesdk.Util.isMethodExecuteSuccessV2(Unknown Source:0)
09-24 21:23:20.804  9950 10648 D OplusOtaTracer:     at com.allawn.cryptography.teesdk.CryptoEngCmd.pkiCommonAsk(Unknown Source:22)
09-24 21:23:20.804  9950 10648 D OplusOtaTracer:     at com.allawn.cryptography.security.attestation.AttestationManager.generate(Unknown Source:18)
09-24 21:23:20.804  9950 10648 D OplusOtaTracer:     at com.allawn.cryptography.security.attestation.AttestationManager.generateX509V2(Unknown Source:7)
09-24 21:23:20.804  9950 10648 D OplusOtaTracer:     at com.allawn.cryptography.security.attestation.AttestationManager.generateX509(Unknown Source:0)
09-24 21:23:20.804  9950 10648 D OplusOtaTracer:     at com.oplus.ota.downloader.util.b.g(Unknown Source:51)
09-24 21:23:20.804  9950 10648 D OplusOtaTracer:     at com.oplus.ota.downloader.util.b.l(Unknown Source:19)
09-24 21:23:20.804  9950 10648 D OplusOtaTracer: seq=530 t=+10890ms [Attest] getCode enter
09-24 21:23:20.804  9950 10648 D OplusOtaTracer: seq=531 t=+10890ms [Attest] (part0) getCode caller stack:
09-24 21:23:20.804  9950 10648 D OplusOtaTracer:     at ZXtqvLzSizvAgQNOJgN.sF.XC_MethodHook.callBeforeHookedMethod(r8-map-id-efedc8ef6b9cd7d537819847e799f758499ba1eef7352b6bb5ce6846c9bf2c4f:1)
09-24 21:23:20.804  9950 10648 D OplusOtaTracer:     at s.intercept(r8-map-id-efedc8ef6b9cd7d537819847e799f758499ba1eef7352b6bb5ce6846c9bf2c4f:36)
09-24 21:23:20.804  9950 10648 D OplusOtaTracer:     at l.proceed(r8-map-id-efedc8ef6b9cd7d537819847e799f758499ba1eef7352b6bb5ce6846c9bf2c4f:35)
09-24 21:23:20.804  9950 10648 D OplusOtaTracer:     at l.proceedWith(r8-map-id-efedc8ef6b9cd7d537819847e799f758499ba1eef7352b6bb5ce6846c9bf2c4f:36)
09-24 21:23:20.804  9950 10648 D OplusOtaTracer:     at s.intercept(r8-map-id-efedc8ef6b9cd7d537819847e799f758499ba1eef7352b6bb5ce6846c9bf2c4f:86)
09-24 21:23:20.804  9950 10648 D OplusOtaTracer:     at l.proceed(r8-map-id-efedc8ef6b9cd7d537819847e799f758499ba1eef7352b6bb5ce6846c9bf2c4f:35)
09-24 21:23:20.804  9950 10648 D OplusOtaTracer:     at android.provider.Fonteep.getCode(Fonteep.java)
09-24 21:23:20.804  9950 10648 D OplusOtaTracer:     at com.allawn.cryptography.teesdk.Util.isParseSuccess(Unknown Source:24)
09-24 21:23:20.804  9950 10648 D OplusOtaTracer:     at com.allawn.cryptography.teesdk.Util.isMethodExecuteSuccessV2(Unknown Source:0)
09-24 21:23:20.804  9950 10648 D OplusOtaTracer:     at com.allawn.cryptography.teesdk.CryptoEngCmd.pkiCommonAsk(Unknown Source:22)
09-24 21:23:20.804  9950 10648 D OplusOtaTracer:     at com.allawn.cryptography.security.attestation.AttestationManager.generate(Unknown Source:18)
09-24 21:23:20.804  9950 10648 D OplusOtaTracer:     at com.allawn.cryptography.security.attestation.AttestationManager.generateX509V2(Unknown Source:7)
09-24 21:23:20.804  9950 10648 D OplusOtaTracer: seq=532 t=+10890ms [Attest] getCode return Integer(10015) type=java.lang.Integer isNull=false
09-24 21:23:20.804  9950 10648 D OplusOtaTracer: seq=533 t=+10890ms [Attest] getCode return Integer(10015) type=java.lang.Integer isNull=false
09-24 21:23:20.804  9950 10648 D OplusOtaTracer: seq=534 t=+10890ms [Parse] isParseSuccess return Boolean(true) type=java.lang.Boolean isNull=false
09-24 21:23:20.804  9950 10648 D OplusOtaTracer: seq=535 t=+10890ms [Parse] isMethodExecuteSuccessV2 return Boolean(true) type=java.lang.Boolean isNull=false
09-24 21:23:20.804  9950 10648 D OplusOtaTracer: seq=536 t=+10890ms [Attest] pkiCommonAsk return byte[2508] type=[B isNull=false
09-24 21:23:20.804  9950 10648 D OplusOtaTracer: seq=537 t=+10890ms [Attest] pkiCommonAsk return byte[2508] type=[B isNull=false
09-24 21:23:20.805  9950 10648 D OplusOtaTracer: seq=538 t=+10891ms [Attest] generate return org.json.JSONObject type=org.json.JSONObject isNull=false
09-24 21:23:20.805  9950 10648 D OplusOtaTracer: seq=539 t=+10891ms [Attest] generateX509 return null void=true
09-24 21:23:20.805  9950 10648 D OplusOtaTracer: seq=540 t=+10891ms [SignVerify] g return String(len=3200,shape=base64ish,sha256:a227379da42b179e)
09-24 21:23:20.805  9950 10648 D OplusOtaTracer: seq=541 t=+10891ms [SignVerify] l return com.oplus.ota.downloader.util.b
09-24 21:23:20.806  9950 10648 D OplusOtaTracer: seq=542 t=+10892ms [SignVerify] h enter arg[0]=String(len=3200,shape=base64ish,sha256:a227379da42b179e)
09-24 21:23:20.808  9950 10648 D OplusOtaTracer: seq=543 t=+10894ms [SignVerify] h return [Ljava.security.cert.Certificate;
09-24 21:23:20.808  9950 10648 D OplusOtaTracer: seq=544 t=+10894ms [SignVerify] d enter arg[0]=p5.b
09-24 21:23:20.808  9950 10648 D OplusOtaTracer: seq=545 t=+10894ms [DlReq] ts json len=353 sha256=f86143def333c80500eef41e7d2167a0c31f165ccca66757ca19a3d7cadd6f28
09-24 21:23:20.808  9950 10648 D OplusOtaTracer: seq=546 t=+10894ms [DlReq] ts json={"id":"e1f02c33a3f9191fd6dbbde092b45743","ts":"1790256200844","uri":"download?c:c61fa26a1344cd5ac6ae59daa197d4eb&g:e1f02c33a3f9191fd6dbbde092b45743&p:a6c78fdd375c888839cedafc4b99336d9f73f4e11c6354f183e800eac02d02c1b9bb658eb47f3527bd6ad3282179&s:3faca8f0833b03edc92dbe2b5af4eebc&id:6aaf1f9392ce7c01836a6b71&g5:0&taste:0&supportDLTaste:1&mode:1&gkaReq:2"}
09-24 21:23:20.808  9950 10648 D OplusOtaTracer: seq=547 t=+10894ms [DlReq] (part0) ts json caller stack:
09-24 21:23:20.808  9950 10648 D OplusOtaTracer:     at ZXtqvLzSizvAgQNOJgN.sF.XC_MethodHook.callAfterHookedMethod(r8-map-id-efedc8ef6b9cd7d537819847e799f758499ba1eef7352b6bb5ce6846c9bf2c4f:1)
09-24 21:23:20.808  9950 10648 D OplusOtaTracer:     at s.intercept(r8-map-id-efedc8ef6b9cd7d537819847e799f758499ba1eef7352b6bb5ce6846c9bf2c4f:103)
09-24 21:23:20.808  9950 10648 D OplusOtaTracer:     at l.proceed(r8-map-id-efedc8ef6b9cd7d537819847e799f758499ba1eef7352b6bb5ce6846c9bf2c4f:35)
09-24 21:23:20.808  9950 10648 D OplusOtaTracer:     at android.provider.Fonteep.t(Fonteep.java)
09-24 21:23:20.808  9950 10648 D OplusOtaTracer:     at com.oplus.ota.downloader.util.b.d(Unknown Source:6)
09-24 21:23:20.808  9950 10648 D OplusOtaTracer:     at com.oplus.ota.downloader.util.b.a(Unknown Source:98)
09-24 21:23:20.808  9950 10648 D OplusOtaTracer:     at u7.a.a(Unknown Source:128)
09-24 21:23:20.808  9950 10648 D OplusOtaTracer:     at u7.a.run(Unknown Source:27)
09-24 21:23:20.808  9950 10648 D OplusOtaTracer:     at java.util.concurrent.Executors$RunnableAdapter.call(Executors.java:524)
09-24 21:23:20.808  9950 10648 D OplusOtaTracer:     at java.util.concurrent.FutureTask.run(FutureTask.java:343)
09-24 21:23:20.808  9950 10648 D OplusOtaTracer: seq=548 t=+10894ms [KeyStore] getInstance enter arg[0]="AndroidKeyStore"
09-24 21:23:20.808  9950 10648 D OplusOtaTracer: seq=549 t=+10894ms [KeyStore] getInstance result java.security.KeyStore
09-24 21:23:20.808  9950 10648 D OplusOtaTracer: seq=550 t=+10894ms [KeyStore] load enter arg[0]=null
09-24 21:23:20.808  9950 10648 D OplusOtaTracer: seq=551 t=+10894ms [KeyStore] load result null
09-24 21:23:20.808  9950 10648 D OplusOtaTracer: seq=552 t=+10894ms [KeyStore] getKey enter arg[0]="ota_pki_attest" arg[1]=null
09-24 21:23:20.809  9950 10648 D OplusOtaTracer: seq=553 t=+10895ms [KeyStore] getKey result Key class=android.security.keystore2.AndroidKeyStoreECPrivateKey algorithm=EC format=null encodedLen=null
09-24 21:23:20.809  9950 10648 D OplusOtaTracer: seq=554 t=+10895ms [KeyStore] (part0) getKey result site stack:
09-24 21:23:20.809  9950 10648 D OplusOtaTracer:     at ZXtqvLzSizvAgQNOJgN.sF.XC_MethodHook.callAfterHookedMethod(r8-map-id-efedc8ef6b9cd7d537819847e799f758499ba1eef7352b6bb5ce6846c9bf2c4f:1)
09-24 21:23:20.809  9950 10648 D OplusOtaTracer:     at s.intercept(r8-map-id-efedc8ef6b9cd7d537819847e799f758499ba1eef7352b6bb5ce6846c9bf2c4f:103)
09-24 21:23:20.809  9950 10648 D OplusOtaTracer:     at l.proceed(r8-map-id-efedc8ef6b9cd7d537819847e799f758499ba1eef7352b6bb5ce6846c9bf2c4f:35)
09-24 21:23:20.809  9950 10648 D OplusOtaTracer:     at android.provider.Fonteep.getKey(Fonteep.java)
09-24 21:23:20.809  9950 10648 D OplusOtaTracer:     at com.oplus.ota.downloader.util.b.d(Unknown Source:37)
09-24 21:23:20.809  9950 10648 D OplusOtaTracer:     at com.oplus.ota.downloader.util.b.a(Unknown Source:98)
09-24 21:23:20.809  9950 10648 D OplusOtaTracer:     at u7.a.a(Unknown Source:128)
09-24 21:23:20.809  9950 10648 D OplusOtaTracer:     at u7.a.run(Unknown Source:27)
09-24 21:23:20.809  9950 10648 D OplusOtaTracer:     at java.util.concurrent.Executors$RunnableAdapter.call(Executors.java:524)
09-24 21:23:20.809  9950 10648 D OplusOtaTracer:     at java.util.concurrent.FutureTask.run(FutureTask.java:343)
09-24 21:23:20.810  9950 10648 D OplusOtaTracer: seq=555 t=+10895ms [KeyStore] getInstance enter arg[0]="SHA256withECDSA"
09-24 21:23:20.810  9950 10648 D OplusOtaTracer: seq=556 t=+10896ms [KeyStore] getInstance result java.security.Signature$Delegate
09-24 21:23:20.810  9950 10648 D OplusOtaTracer: seq=557 t=+10896ms [Repair] captured EC private key from signer Key class=android.security.keystore2.AndroidKeyStoreECPrivateKey algorithm=EC format=null encodedLen=null
09-24 21:23:20.810  9950 10648 D OplusOtaTracer: seq=558 t=+10896ms [KeyStore] initSign enter arg[0]=Key class=android.security.keystore2.AndroidKeyStoreECPrivateKey algorithm=EC format=null encodedLen=null
09-24 21:23:20.820  9950 10648 D OplusOtaTracer: seq=559 t=+10906ms [KeyStore] initSign result null
09-24 21:23:20.820  9950 10648 D OplusOtaTracer: seq=560 t=+10906ms [KeyStore] sign enter
09-24 21:23:20.822  9950 10648 D OplusOtaTracer: seq=561 t=+10908ms [KeyStore] sign result byte[72]
09-24 21:23:20.822  9950 10648 D OplusOtaTracer: seq=562 t=+10908ms [SignVerify] d return String(len=96,shape=base64ish,sha256:f2c186636b1f5559)
09-24 21:23:20.822  9950 10648 D OplusOtaTracer: seq=563 t=+10908ms [DlReq] header id=e1f02c33a3f9191fd6dbbde092b45743 url=https://component-ota-cn.allawntech.com/download?keys=[c,g,p,s,id,g5,taste,supportDLTaste,mode,gkaReq]
09-24 21:23:20.823  9950 10648 D OplusOtaTracer: seq=564 t=+10909ms [DlReq] header ts=1790256200844 url=https://component-ota-cn.allawntech.com/download?keys=[c,g,p,s,id,g5,taste,supportDLTaste,mode,gkaReq]
09-24 21:23:20.823  9950 10648 D OplusOtaTracer: seq=565 t=+10909ms [DlReq] header ac len=3200 sha256=a227379da42b179e11d2700f9de0b560d126089daf453a40bbfc649900933c20 url=https://component-ota-cn.allawntech.com/download?keys=[c,g,p,s,id,g5,taste,supportDLTaste,mode,gkaReq]
09-24 21:23:20.823  9950 10648 D OplusOtaTracer: seq=566 t=+10909ms [DlReq] header as len=96 sha256=f2c186636b1f5559c0c1c912a2aff180de22e24b6921d6cebadd395789bdcd2a url=https://component-ota-cn.allawntech.com/download?keys=[c,g,p,s,id,g5,taste,supportDLTaste,mode,gkaReq]
09-24 21:23:20.823  9950 10648 D OplusOtaTracer: seq=567 t=+10909ms [SignVerify] a return null
09-24 21:23:20.883  9950 10648 D OplusOtaTracer: seq=568 t=+10969ms [AppLog] e tag=OTAApplication msg=GetInfoThread: download denied, response msg:{"body":null,"errMsg":"2713","responseCode":2713}
09-24 21:23:20.884  9950 10648 D OplusOtaTracer: seq=569 t=+10970ms [DownloadException] created class=com.oplus.ota.downloader.DownloadException
09-24 21:23:20.884  9950 10648 D OplusOtaTracer: seq=570 t=+10970ms [DownloadException] ctor arg[0] Integer(2)
09-24 21:23:20.884  9950 10648 D OplusOtaTracer: seq=571 t=+10970ms [DownloadException] ctor arg[1] Integer(2713)
09-24 21:23:20.884  9950 10648 D OplusOtaTracer: seq=572 t=+10970ms [DownloadException] ctor arg[2] String(len=49,shape=text,sha256:cd11cadeaf7025ea)
09-24 21:23:20.885  9950 10648 D OplusOtaTracer: seq=573 t=+10971ms [DownloadException] msg={"body":null,"errMsg":"2713","responseCode":2713}
09-24 21:23:20.885  9950 10648 D OplusOtaTracer: seq=574 t=+10971ms [DownloadException] cause=null
09-24 21:23:20.885  9950 10648 D OplusOtaTracer: seq=575 t=+10971ms [DownloadException] EXCEPTION_SERVER_SUPPORT_CODE=2
09-24 21:23:20.885  9950 10648 D OplusOtaTracer: seq=576 t=+10971ms [DownloadException] mCode=2
09-24 21:23:20.885  9950 10648 D OplusOtaTracer: seq=577 t=+10971ms [DownloadException] mGKACode=2713
09-24 21:23:20.886  9950 10648 D OplusOtaTracer: seq=578 t=+10972ms [DownloadException] (part0) created at stack:
09-24 21:23:20.886  9950 10648 D OplusOtaTracer:     at ZXtqvLzSizvAgQNOJgN.sF.XC_MethodHook.callAfterHookedMethod(r8-map-id-efedc8ef6b9cd7d537819847e799f758499ba1eef7352b6bb5ce6846c9bf2c4f:1)
09-24 21:23:20.886  9950 10648 D OplusOtaTracer:     at s.intercept(r8-map-id-efedc8ef6b9cd7d537819847e799f758499ba1eef7352b6bb5ce6846c9bf2c4f:103)
09-24 21:23:20.886  9950 10648 D OplusOtaTracer:     at l.proceed(r8-map-id-efedc8ef6b9cd7d537819847e799f758499ba1eef7352b6bb5ce6846c9bf2c4f:35)
09-24 21:23:20.886  9950 10648 D OplusOtaTracer:     at android.provider.Fonteep.constructor(Fonteep.java)
09-24 21:23:20.886  9950 10648 D OplusOtaTracer:     at u7.a.a(Unknown Source:230)
09-24 21:23:20.886  9950 10648 D OplusOtaTracer:     at u7.a.run(Unknown Source:27)
09-24 21:23:20.886  9950 10648 D OplusOtaTracer:     at java.util.concurrent.Executors$RunnableAdapter.call(Executors.java:524)
09-24 21:23:20.886  9950 10648 D OplusOtaTracer:     at java.util.concurrent.FutureTask.run(FutureTask.java:343)
09-24 21:23:20.886  9950 10648 D OplusOtaTracer:     at java.util.concurrent.ThreadPoolExecutor.runWorker(ThreadPoolExecutor.java:1156)
09-24 21:23:20.886  9950 10648 D OplusOtaTracer:     at java.util.concurrent.ThreadPoolExecutor$Worker.run(ThreadPoolExecutor.java:651)
09-24 21:23:20.886  9950 10648 D OplusOtaTracer:     at java.lang.Thread.run(Thread.java:1119)
09-24 21:23:20.888  9950 10648 D OplusOtaTracer: seq=579 t=+10973ms [DownloadException] created class=com.oplus.ota.downloader.DownloadException
09-24 21:23:20.888  9950 10648 D OplusOtaTracer: seq=580 t=+10974ms [DownloadException] ctor arg[0] Integer(2)
09-24 21:23:20.888  9950 10648 D OplusOtaTracer: seq=581 t=+10974ms [DownloadException] ctor arg[1] String(len=49,shape=text,sha256:cd11cadeaf7025ea)
09-24 21:23:20.888  9950 10648 D OplusOtaTracer: seq=582 t=+10974ms [DownloadException] ctor arg[2] null
09-24 21:23:20.888  9950 10648 D OplusOtaTracer: seq=583 t=+10974ms [DownloadException] msg={"body":null,"errMsg":"2713","responseCode":2713}
09-24 21:23:20.888  9950 10648 D OplusOtaTracer: seq=584 t=+10974ms [DownloadException] cause=null
09-24 21:23:20.888  9950 10648 D OplusOtaTracer: seq=585 t=+10974ms [DownloadException] EXCEPTION_SERVER_SUPPORT_CODE=2
09-24 21:23:20.888  9950 10648 D OplusOtaTracer: seq=586 t=+10974ms [DownloadException] mCode=2
09-24 21:23:20.888  9950 10648 D OplusOtaTracer: seq=587 t=+10974ms [DownloadException] mGKACode=0
09-24 21:23:20.889  9950 10648 D OplusOtaTracer: seq=588 t=+10975ms [DownloadException] (part0) created at stack:
09-24 21:23:20.889  9950 10648 D OplusOtaTracer:     at ZXtqvLzSizvAgQNOJgN.sF.XC_MethodHook.callAfterHookedMethod(r8-map-id-efedc8ef6b9cd7d537819847e799f758499ba1eef7352b6bb5ce6846c9bf2c4f:1)
09-24 21:23:20.889  9950 10648 D OplusOtaTracer:     at s.intercept(r8-map-id-efedc8ef6b9cd7d537819847e799f758499ba1eef7352b6bb5ce6846c9bf2c4f:103)
09-24 21:23:20.889  9950 10648 D OplusOtaTracer:     at l.proceed(r8-map-id-efedc8ef6b9cd7d537819847e799f758499ba1eef7352b6bb5ce6846c9bf2c4f:35)
09-24 21:23:20.889  9950 10648 D OplusOtaTracer:     at android.provider.Fonteep.constructor(Fonteep.java)
09-24 21:23:20.889  9950 10648 D OplusOtaTracer:     at b7.c.a(Unknown Source:58)
09-24 21:23:20.889  9950 10648 D OplusOtaTracer:     at p5.b.m(Unknown Source:38)
09-24 21:23:20.889  9950 10648 D OplusOtaTracer:     at b7.f.c(Unknown Source:63)
09-24 21:23:20.889  9950 10648 D OplusOtaTracer:     at u7.a.run(Unknown Source:83)
09-24 21:23:20.889  9950 10648 D OplusOtaTracer:     at java.util.concurrent.Executors$RunnableAdapter.call(Executors.java:524)
09-24 21:23:20.889  9950 10648 D OplusOtaTracer:     at java.util.concurrent.FutureTask.run(FutureTask.java:343)
09-24 21:23:20.889  9950 10648 D OplusOtaTracer:     at java.util.concurrent.ThreadPoolExecutor.runWorker(ThreadPoolExecutor.java:1156)
09-24 21:23:20.889  9950 10648 D OplusOtaTracer:     at java.util.concurrent.ThreadPoolExecutor$Worker.run(ThreadPoolExecutor.java:651)
09-24 21:23:20.889  9950 10648 D OplusOtaTracer:     at java.lang.Thread.run(Thread.java:1119)
09-24 21:23:20.909  9950  9950 D OplusOtaTracer: seq=589 t=+10995ms [KeyStore] getInstance enter arg[0]="AndroidKeyStore"
09-24 21:23:20.909  9950  9950 D OplusOtaTracer: seq=590 t=+10995ms [KeyStore] getInstance result java.security.KeyStore
09-24 21:23:20.909  9950  9950 D OplusOtaTracer: seq=591 t=+10995ms [KeyStore] load enter arg[0]=null
09-24 21:23:20.909  9950  9950 D OplusOtaTracer: seq=592 t=+10995ms [KeyStore] load result null
09-24 21:23:20.909  9950  9950 D OplusOtaTracer: seq=593 t=+10995ms [KeyStore] containsAlias enter arg[0]="ota_simple_key"
09-24 21:23:20.912  9950  9950 D OplusOtaTracer: seq=594 t=+10998ms [KeyStore] containsAlias result Boolean(true)
09-24 21:23:20.913  9950  9950 D OplusOtaTracer: seq=595 t=+10998ms [KeyStore] getKey enter arg[0]="ota_simple_key" arg[1]=null
09-24 21:23:20.913  9950  9950 D OplusOtaTracer: seq=596 t=+10999ms [KeyStore] getKey result Key class=android.security.keystore2.AndroidKeyStoreSecretKey algorithm=AES format=null encodedLen=null
09-24 21:23:20.913  9950  9950 D OplusOtaTracer: seq=597 t=+10999ms [KeyStore] (part0) getKey result site stack:
09-24 21:23:20.913  9950  9950 D OplusOtaTracer:     at ZXtqvLzSizvAgQNOJgN.sF.XC_MethodHook.callAfterHookedMethod(r8-map-id-efedc8ef6b9cd7d537819847e799f758499ba1eef7352b6bb5ce6846c9bf2c4f:1)
09-24 21:23:20.913  9950  9950 D OplusOtaTracer:     at s.intercept(r8-map-id-efedc8ef6b9cd7d537819847e799f758499ba1eef7352b6bb5ce6846c9bf2c4f:103)
09-24 21:23:20.913  9950  9950 D OplusOtaTracer:     at l.proceed(r8-map-id-efedc8ef6b9cd7d537819847e799f758499ba1eef7352b6bb5ce6846c9bf2c4f:35)
09-24 21:23:20.913  9950  9950 D OplusOtaTracer:     at android.provider.Fonteep.getKey(Fonteep.java)
09-24 21:23:20.913  9950  9950 D OplusOtaTracer:     at x7.a.j(Unknown Source:42)
09-24 21:23:20.913  9950  9950 D OplusOtaTracer:     at x7.a.h(Unknown Source:86)
09-24 21:23:20.913  9950  9950 D OplusOtaTracer:     at w7.f.k(Unknown Source:53)
09-24 21:23:20.913  9950  9950 D OplusOtaTracer:     at w7.f.A(Unknown Source:52)
09-24 21:23:20.913  9950  9950 D OplusOtaTracer:     at com.oplus.ota.service.OTAService.I(Unknown Source:1009)
09-24 21:23:20.913  9950  9950 D OplusOtaTracer:     at y6.c.g(Unknown Source:552)
09-24 21:23:20.917  9950  9950 D OplusOtaTracer: seq=598 t=+11003ms [AppLog] e tag=CryptoengManager msg=commonGetResult: Cryptoeng Service return fail
